--
-- PostgreSQL database dump
--

-- Dumped from database version 15.4 (Debian 15.4-1.pgdg120+1)
-- Dumped by pg_dump version 15.4 (Debian 15.4-1.pgdg120+1)

SET statement_timeout = 0;
SET lock_timeout = 0;
SET idle_in_transaction_session_timeout = 0;
SET client_encoding = 'UTF8';
SET standard_conforming_strings = on;
SELECT pg_catalog.set_config('search_path', '', false);
SET check_function_bodies = false;
SET xmloption = content;
SET client_min_messages = warning;
SET row_security = off;

--
-- Data for Name: modus; Type: TABLE DATA; Schema: public; Owner: master
--

COPY public.modus (name, description) FROM stdin;
Arcano	Ritualística e inflexible pero permite gran potencia (ej: magia de D&D)
Intuitivo	Poco poderosa pero rápida e intuitiva, no requiere nada aparte de esfuerzo (ej: La Fuerza de SW)
Erudito	Requiere mucho esfuerzo y es lenta pero permite magias complejas (ej: Poder Único de WoT)
Esencia	Son seres que han sido cambiados por la influencia de otros planos y ahora utilizan pueden utilizar su esencia para manipular los planos de maneras específicas.
\.


--
-- Data for Name: ars_groups; Type: TABLE DATA; Schema: public; Owner: master
--

COPY public.ars_groups (name, modus_name, description, icon) FROM stdin;
Aerokinesis	Intuitivo	Permite manipular aire a distancia.	swirl-ring
Alquimia	Arcano	Creación de pociones y transmutación de elementos.\nCada punto de ritual permite al usuario crear talismanes de nivel más alto, de 1 a 5.	drink-me
Canalización	Intuitivo	Habilidad para hablar con espíritus.	spectre
Cruzada	Arcano	Mejora habilidades de combate.\nTodas las habilidades se activan a través del rezo.	winged-sword
Divinación	Intuitivo	El Manipulador puede aprender de forma sobrenatural.	crystal-ball
Doblegar	Intuitivo	Obliga a otra mente a obedecer instrucciones.	puppet
Estudios Arcanos	Arcano	Permite leer y escribir hechizos de diversos niveles en el grimorio o en pergaminos y retener hechizos para ser usados en cualquier momento	book-cover
Geokinesis	Intuitivo	Permite manipular tierra a distancia.	rock
Hydrokinesis	Intuitivo	Permite manipular agua a distancia.	big-wave
Inspiración	Erudito	Permite la creación o mejora de un instrumento de forma sobrenatural.	light-bulb
Maldición	Arcano	Con los ingredientes adecuados, la bruja puede utilizar los deseos en el alma del objetivo para maldecirle.	cursed-star
Milagro	Arcano	A través del rezo el clérigo puede intentar hacer algo imposible o fuera de sus capacidades, como la curación.	holy-grail
Ocultación	Intuitivo	Permite ocultarte y moverte sin ser visto.	sly
Polimorfismo	Intuitivo	Permite cambiar el cuerpo del druida.	werewolf
Pyrokinesis	Intuitivo	Permite crear y manipular fuego a distancia.	fire
Ritual	Arcano	Permite recolectar ingredientes y realizar rituales de varios niveles de su vía.\nCada punto de ritual permite al usuario utilizar rituales de nivel más alto, de 1 a 5.	pentacle
Sugestión	Intuitivo	Predispone a otra mente a ser manipulada. Todas las habilidades de sugestión sólo se pueden activar por medio de interacción directa con sus víctimas.	chained-heart
Talismán	Arcano	Permite imbuír de propiedades otros objetos.\nCada punto de ritual permite al usuario crear talismanes de nivel más alto, de 1 a 5.	ring
Tecnopatía	Intuitivo	Es capaz de manipular tecnología.	processor
Telepatía	Intuitivo	Enviar y recibir pensamientos a otra mente. Invador otras mentes en niveles altos.	brain
Telekinesis	Intuitivo	Permite mover objetos a distancia	psychic-waves
Tentación	Arcano	Deshinibe los deseos del objetivo o implanta nuevos.	temptation
Viajar	Erudito	Permite abrir portales a otros sitios o planos.	magic-portal
Vita	Intuitivo	Estimula y modifica el crecimiento de seres vivos.	glass-heart
Zoopatía	Intuitivo	Permite comunicarse y controlar animales.	pawprint
\.


--
-- Data for Name: artes; Type: TABLE DATA; Schema: public; Owner: master
--

COPY public.artes (name, ars_group_name, level, casting_time, target, ars_range, challenge, cost, duration, maintenance, description) FROM stdin;
Huracán	Aerokinesis	1	1a	Cono	Situacional	Opus+Quod D2	1Vi	Inst	No	El elementalista es capaz de crear fuertes corrientes de aire que pueden ir desde un golpe de viento hasta un huracán.
Fluir	Aerokinesis	2	Pasivo	Yo	Yo	Sci+Ego D3	No	Pasivo	No	El caminante ha aprendido a sentir, aumentar y aprovechar las corrientes de aire cuando se mueve, aumentando enormemente su velocidad y equilibrio. A mejor resultado en la tirada mayor rendimiento obtiene.\n*Volar (Quod+Ego D5)* Generando unas corrientes de aire y entendiendolas, el usuario puede mantenerse en el aire.
Los susurros del viento	Aerokinesis	3	1a	Esfera	5m-inf.	Sci+Quod D4	1Vo	1min	1Vo	Controlar los flujos del aire de formas sutiles permite redireccionar las vibraciones que se propagan por el. Esto permite que se puedan oír sonidos y percibir olores producidos a distancia fácilmente.
Uno con el viento	Aerokinesis	4	5-a	Yo	Yo	Opus+Ego D6	1Vo, 1Co	1+min	1Co	El elementalista es capaz de deshacer su cuerpo durante un tiempo, desplazarse y volverlo a formar a voluntad. El éxito de la tirada determinará la velocidad a la que se deshace y cuanto tiempo aguanta.
Vacío	Aerokinesis	5	1a	Zona	10m	Opus+Quod D7	1Vi, 1Vo	1min	1Vo	El elementalista es capaz de mover el aire a su voluntad hasta el punto de que puede crear zonas de altas presiones y zonas de vacío. El éxito de la prueba determinará el volumen afectado. Un humano atrapado en la zona empezará a asfixiarse.
Contacto	Canalización	1	Pasivo	Yo	Yo	Sci	No	No	No	El médium puede ver y hablar con los espíritus pero no interactuar; no se puede desactivar. El nivel de sci permite ver espiritus mayores:\n●○○○○: Fantasmas\n●●○○○: Espíritus naturales\n●●●○○: Manipulaciones planares\n●●●●○: Espíritus mayores, demonios\n●●●●●: Canales planares, antiguos
Poltergeist	Canalización	2	Pasivo	Esfera	20m	Opus+Ego	No	No	No	El médium debilita la separación del mundo de los espíritus con el mundo real por allí donde pasa lo desee o no, cuanto mayor sea su competencia más debilitará la separación.\n*Focalizar (1Co)* Puede enfocar este poder para un espíritu concreto, permitiendo que este interactúe de forma limitada con el mundo real.
Exorcismo	Canalización	3	1-5a	Espíritu	20m	Opus+Quod D4	1Vo	No	No	El médium atrae la atención de los espíritus a su alrededor, sin embargo puede tratar de expulsarlos. El médium también puede intentar con este poder quitar cualquier estado poseído sobre un objeto o ser vivo. La dificultad para quitar este estado será la puntuación de la tirada de activación de la posesión; si la posesión está siendo mantenida será una tirada enfrentada de Opus+Quod.
Posesión	Canalización	4	1-5a	Espíritu+Persona	20m	Opus+Ego/Quod D6	1Vi	1h	1Vi	El medium es capaz de actuar como receptáculo de un espíritu. Los espíritus fuertes tratarán de poseerle a la fuerza. La dificultad de la tirada depende del poder del espíritu.\n*Posesión ajena(1Co/h)* Se puede intentar usar el cuerpo de otra persona como receptáculo, la víctima podrá oponerse generando una tirada enfrentada de Opus+Quod vs Co.
Tocar Ser Superior	Canalización	5	~12h	?	Multiverso	Sci+Quod D10, Opus+Ego D10	?	No	No	El medium puede encontrar y establecer comunicación con un ser superior. Esta conexión puede freírle la mente perfectamente, el coste será decidido posteriormente a la conexión.
Avatar	Cruzada	1	1a	Yo	Yo	Opus+Ego D2	1favor	2t	1favor	El clérigo se convierte temporalmente en un recipiente de su dios. El NE determina las características:\n1: +2 físicos\n3: 2 alas de ángel\n5: Espada de fuego: 5 base, 2 inc.\n7: 6 alas de arcángel, armadura dorada RD3, +4 físicos\n10: ser de luz, mirarle cuesta 1Vo/t
Arma divina	Cruzada	2	1a	Arma	Toque	Opus+Quod D3	2favor	1esc	1favor	Permite imbuir un arma con poder divino. Concediendo uno de los siguientes efectos: +1 de daño base, +0.5 de daño incremental, daño x2 contra escudos.
Protección	Cruzada	3	1a	Persona	Toque	Opus+Quod D4	2favor	1esc	1favor	El objetivo queda protegido contra efecto sobrenaturales, ganando x puntos de coherencia temporal (que no se puede gastar). El objetivo gana un escudo de carga de x puntos.\nx: 1 + 1 por cada 2NE.
Tierra sagrada	Cruzada	4	1a	Esfera	3km	Opus+Ego D5	2favor	1d	2favor	Santificar un lugar permite al clérigo ser consciente de cualquier acto profanador que ocurra en él.
Fuego purificador	Cruzada	5	3a	Esfera	1+m	Opus+Ego D5	2+favor	1esc	2favor	El fervor del clérigo explota y empieza a emitir llamas. El éxito del intento determina el alcance de las llamas que pueden ir desde simplemente envolver al usuario hasta incendiar toda la ciudad. Cuanto mayor sea el coste pagado más intensas serán las llamas.
Agudizar sentidos	Divinación	1	1a	Yo	Yo	Sci+Quod D2	1Vo	30min	1Vo	Potencia los sentidos del usuario, aumentando en 1 la competencia de cualquier prueba que los utilice. Los ojos brillan con un sutil tono dorado.
Aprender	Divinación	2	1-5a	Yo	Yo	Sci+Ego D3	1Vo, 1Co	1esc	1Vo	El adivino puede aprender temporalmente un conocimiento específico, como puede ser un lenguaje, una tecnología, etc.. La dificultad de la tarea depende de la dificultad de aprendizaje del conocimiento.\n*Pasivo (Sci+Ego D5)* Las habilidades de tipo conocimiento cuesta aprenderlas la mitad de xp que normalmente.
Psicometría	Divinación	3	10min	Entidad	Toque	Sci+Ego D4	2Co	Inst	No	El usuario puede obtener información de un objeto o persona con sólo tocarle.
Premonición	Divinación	4	1a	Yo	20m	Sci+Ego D6	1Co	1esc	1Vo	El adivino puede percibir de forma intuitiva y difusa el estado de una persona o grupo o de un lugar asimilando la información que le está llegando por diversas vías, con ello se puede adelantar a trampas o ataques y tomar mejores decisiones. Cuanto mayor sea su competencia más sutil y detallada será la información que obtenga.
Verdad	Divinación	5	Inst	Yo	Yo	Sci+Ego D6	2Vo	Inst	No	El adivino puede obtener respuesta a cualquier pregunta sencilla que formule en voz alta.
Orden	Doblegar	1	1a	Persona	Verbal	Opus+Quod D1	1Vo	1esc	No	El telépata da una orden verbal y el objetivo la tratará de cumplir si el NE supera su Vo. Por cuanto lo supere determinará, la determinación a cumplirla. No se puede usar en situaciones estresantes.
Autogobierno	Doblegar	2	Inst	Yo	Yo	Opus+Ego D3	1Co	2t	1Co	El telépata se da una orden a si mismo que le obliga a cumplirla. Útil para superar situaciones que requieran mucha fuerza de voluntad o para protegerse de manipulaciones mentales ajenas.
Amnesia	Doblegar	3	Inst	Persona	Toque	Opus+Quod D4	2Vo, 2Co	Perm	No	El telépata tiene que tocar al objetivo, mirarle a los ojos y ordenarle olvidar. Si el objetivo tiene menos Co que el NE, perderá una parte de su memoria elegida por el telépata.
Sumisión	Doblegar	4	5min	Persona	Verbal	Sci+Quod D4	2Vo	5min	1Co	Tras pasar un rato con su víctima, el telépata aprende a invadir su mente completamente. Si el NE supera la Vo de la víctima, el telépata toma control absoluto de su cuerpo.
Teatro	Doblegar	5	5min	Personas	10m	Sci+Ego D6	2Vo	Inst	1Co	El telépata aplica títere a todos aquellos alrededor suyo.
Seísmo	Geokinesis	1	1a	Zona	Situacional	Opus+Quod D2	1Vi	1t	No	Este ars permite crear movimientos de tierra de diversa intensidad que pueden servir para desde mover un objeto posado hasta crear un terremoto de alta magnitud. También se puede usar para catapultar cosas posadas.
Dureza	Geokinesis	2	1a	Zona	10m	Opus+Quod D3	1Vi	1t	1Vi	El elementalista puede cambiar la dureza de un sólido, haciendolo blando como la plastilina o duro como el diamante.
Piel pétrea	Geokinesis	3	1a	Yo	yo	Opus+Ego D4	1Co	30min	1Co	Consigue endurecer la carne de su cuerpo, haciéndolo mucho más resistente a impactos. Gana RD4+, la piel se vuelve de un color y consistencia rocosa y dura al tacto.
Escuchar a la Tierra	Geokinesis	4	1a	Esfera	100m	Sci+Ego D5	1Vo	1min	1Vo	El caminante es capaz de amplificar y entender las vibraciones que le llegan a sus extremidades por superficies sólidas. Con ello es capaz de visualizar todo lo que pase alrededor, especialmente si hay movimiento o golpes. A mejor tirada de activación, más distancia y definición. 
Construir	Geokinesis	5	1-5a	Zona	Toque	Opus+Quod D5	1+Vi	Inst	No	El elementalista es capaz de recrear cualquier cosas que se le ocurra moldeando los materiales a su disposición. Cuanto más grande sea o más detalle tenga lo que se quiere construir mayor dificultad en el intento y mayor coste.
Tsunami	Hydrokinesis	1	1a	Cono	Situacional	Opus+Quod D2	1Vi	Inst	No	El elementalista de manipular flujos de agua y proyectarlos hacia donde quiera. Dependiendo del éxito de la tirada, la cantidad de agua manipulada puede ir desde un chorro hasta generar un tsunami en el océano
Surf	Hydrokinesis	2	Pasiva	Yo	Yo	Sci+Ego D3	No	Siempre	No	El manejo de las corrientes de agua está tan interiorizado que el usuario las puede utilizar para moverse por el agua a gran velocidad y hacer acrobacias en ella: andar por el agua, dar grandes saltos, etc..
Sentir el agua	Hydrokinesis	3	1a	Esfera	1+km	Sci+Quod D5	1Vo	10min	No	El agua que rodea al elementalista se convierte en un sentido para él permitiéndole averiguar qué está pasando a grandes distancias y profundidades.
Tentáculos	Hydrokinesis	4	1a	Zona	10m	Opus+Quod/Ego D6	1Vi, 1Co	2t	1Vi	El elementalista genera tentáculos a partir de masas de agua que cumplen sus deseos. Estos tentáculos pese a estar hechos de agua puede agarrar objetos.\n*Extensiones* Los tentáculos se adhieren a su cuerpo y sirven como brazos semiautónomos extra
Hemokinesis	Hydrokinesis	5	1a	Ser vivo	10m	Opus+Quod D6	2Vi, 3Co	30min	1Co	La hydrokinesis se centra en la manipulación del agua, cuanto menos agua sea un líquido más difícil resulta controlarlo, siendo el ejemplo definitivo la sangre de una víctima. Con este ars se puede manipular cualquier líquido que tenga un alto contenido en agua. En particular se podrá controlar la sangre para controlar como si fuera un títere a su dueño.
Fabricación	Inspiración	1	6h	Yo	NA	Sci+Quod D2	No	Siempre	No	El tecnomante obtiene inspiración de otros planos sobre tecnología, que le permite intentar construirlo. Puede intentar entender su funcionamiento para reutilizarlo. El tiempo de construcción variará considerablemente dependiendo de que se esté construyendo.
Mejora	Inspiración	2	3h	Yo	NA	Sci+Quod D2	No	Siempre	No	El tecnomante obtiene inspiración para hacer mejoras en objetos de los que ya disponga,\n*Mejorar calidad (1Co)* Mejora los materiales y la calidad general del producto, en este caso se hará la prueba de Opus+Ego
Poder ilimitado	Inspiración	3	1h	F. energía	Multiverso	Sci+Quod D5, Opus+Ego D5	2Co perm.	Siempre	No	El tecnomante es capaz de conectar una fuente de energía masiva de otro plano a su dispositivo proporcionándole energía prácticamente ilimitada y poder casi infinito. Por cada conexión abierta el tecnomante pierde coherencia permanente y la recupera cuando la conexión se cierra.
Módulo interplanar	Inspiración	4	1h	F. energía	Multiverso	Sci+Quod D6, Opus+Ego D5	2Co perm.	Siempre	No	El tecnomante es capaz de conectar una parte de otro plano a su dispositivo pudiendo proporcionárle una variedad de recursos, proyectiles, etc... Por cada conexión abierta el tecnomante pierde coherencia permanente y la recupera cuando la conexión se cierra. 
Saltador	Inspiración	5	1h	Saltador	Multiverso	Sci+Quod D9	2Co perm.	Siempre	No	El tecnomante es capaz de fabricar un saltador (Int+Per D9), El saltado permite moverse entre planos 3 veces a no ser que reciba mantenimiento: Int+Per D10 con riesgo alto de destruirlo.
Maldición de Fortuna	Maldición	1	1a	Persona	Visión	Opus+Quod D2	1Sa	1esc	No	El objetivo tiene mala suerte, lo cual se traduce en que cada prueba relacionada con un atributo elegido se le quita un + por cada 3NE del intento.
Maldición de Verdad	Maldición	2	1a	Persona	Plano	Opus+Quod D3	Pentrel	1esc	No	El objetivo siente la necesidad de decir la verdad. Dependiendo de la intensidad del pentrel, simplemente será incapaz de mentir (cabello) o sentirá la compulsión de contar sus secretos más oscuros (sangre). La victima podrá contenerse gastando 1Vo siempre que le quede más que el intento.
Maldición de Confort	Maldición	3	1h	Persona	Plano	Opus+Quod D4	Pentrel	1día	No	El objetivo ve invertida una preferencia o sensación; como intercambiar dolor y placer, o transformar la afición por el vino en odio. La intensidad de la inversión dependerá de la intensidad del pentrel. La victima podrá contenerse gastando 1Vi siempre que le quede más que el intento.
Maldición de Lealtad	Maldición	4	1h	Persona	Plano	Opus+Quod D4	Pentrel	1día	Pentrel	El objetivo empieza a transformarse poco a poco y a perder su voluntad hasta convertirse en un familiar de la bruja. La intensidad de la transformación y su velocidad dependerá de la intensidad del pentrel. La victima podrá contenerse gastando 1Co siempre que le quede más que el intento.
Maldición de Vida	Maldición	5	1h	Esfera	10km	Opus+Ego D6	Pentrel	1día	2Co	La bruja puede reanimar a una persona recien muerta como no-muerto, este ser tendrá 2 funciones: obedecer y transmitir la condición con mordiscos. Los seres que salgan del alcance de la maldición se desactivarán.
Milagro menor	Milagro	1	1a	NA	NA	Opus+Quod D2	3-10favor	Inst	No	Permite que ocurran cosas que eran posibles pero muy improbables. Lo improbable del milagro determinará el coste en favores. Cada 2 puntos del NE restarán 1 favor de coste.
Bendición	Milagro	2	1a	Persona	Visión	Opus+Quod D3	2favor	1esc	No	El objetivo tiene buena suerte, lo cual se traduce en que cada prueba relacionada con un atributo elegido se le quita un - por cada 3NE del intento.
Curación	Milagro	3	1-5a	Persona	Toque	Opus+Quod D4	2-5favor	1esc	No	Permite curar casi cualquier dolencia física o sobrenatural, para que la curación funcione se tiene que tener un diagnóstico más o menos acertado (Int+Med), especialmente para dolencias sobrenaturales (Int+Iter). Se curará un estado de salud por cada 3 NE. La dificultad aumentará con condiciones graves.
Guía divina	Milagro	4	5min	Yo	Yo	Sci+Ego D6	2-5favor	Inst	No	Permite pedir ayuda divina a la hora de tomar una decisión. Tras usar el poder el PJ se sentirá atraído a la opción más beneficiosa, aunque no sabra porqué
Milagro Mayor	Milagro	5	1a	NA	NA	Opus+Quod D6	10+favor	Inst	No	Permite que ocurran cosas que eran imposibles. Lo imposible del milagro determinará el coste en favores. Cada 1 punto del NE restarán 1 favor de coste.
Invisibilidad	Ocultación	1	1a	Yo	Yo	Opus+Ego D2	1Vi	30min	1Vi	La sombra puede hacerse difícil de localizar, dependiendo del NE:\n2: Su imagen se difumina y hay que concentrarse para localizarlo\n4: Se vuelve semitransparente\n6: Se vuelve translúcido, en su posición sólo se nota una distorsión en el aire\n8: Invisibilidad completa
Hombre gris	Ocultación	2	1a	Yo	Yo	Opus+Ego D4	1Co	30min	1Co	La sombra se vuelve completamente vulgar a ojos normales, pasando desapercibido completamente. Cualquiera que le vea le olvidará inmediatamente. Cualquier actividad violenta romperá el efecto para los presentes.
Paso sombrío	Ocultación	3	1a	Sombra	Vista	Opus+Quod D4	1Vi, 1Co	Inst	No	La sombra puede moverse desde una sombra en la que esté a otra que pueda ver. La sensación es como la de zambullirse en una piscina y cuando vuelves a salir estás en el otro lado.
Refugio	Ocultación	4	25min	Refugio	Multiverso	Sci+Quod D5	1Vo, 1Co	Inst	No	La sombra es capaz de hacer un pliegue espacial y crear un espacio al que sólo él y sus acompañantes tengan acceso. El acceso lo puede hacer en cualquier momento pero cuando quiera salir del refugio, tendrá que hacerlo en el mismo sitio que en el que entró. Cualquiera que vea la creación del acceso lo podrá cruzar. Cada NE resta 5min de la invocación.
Olvido	Ocultación	5	1día	Yo	Planeta	Sci+Quod D8, Opus+Ego D10	∞Co	Inst	No	La sombra es capaz de eliminar cualquier rastro de su existencia en el ámbito que elija: recuerdos, fotos, videos, referencias escritas, etc. La dificultad de la prueba de Sci+Quod aumentará a 9 cuando afecte a todo el plano y a 10 cuando afecte al multiverso
Apecto animal	Polimorfismo	1	1-3a	Yo	Yo	Opus+Ego D1	2Vi	Indef	No	El druida puede asumir alguna característica física de una criatura: garra, cuernos, veneno en los dientes, pelo, etc. El druida debe estar familiarizado con el animal que quiere emular.
Conversión animal	Polimorfismo	2	1-3a	Yo	Yo	Opus+Ego D2	1Vi, 1Co	30min	1Vi	El druida se puede convertir en criaturas corrientes del mundo donde se encuentre (en la Tierra serían, perros, gatos, cuervos, osos, etc.). El poder de la criatura y el conocimiento que se tenga de ella determinarán la dificultad final.
Fluided orgánica	Polimorfismo	3	1-5a	Yo	Yo	Opus+Ego D4	1Vi, 1Co	Indef	No	El druida es capaz de manipular su materia orgánica para producir todo tipo de formas: crear una llave de hueso, estirar sus piernas para llegar más alto, convertirse en niebla.
Doppelganger	Polimorfismo	4	30min	Yo	Yo	Opus+Ego D6	∞Vi, 1Co	6h	1Co	El druida puede asumir la apariencia exacta de otro individuo. Sin embargo, la expresión corporal, la forma de hablar y otras características deberán ser imitadas. Un personaje sospechoso puede intentar una prueba enfrentada de Per+Info vs Ast+Act.
Conversión épica	Polimorfismo	5	5a	Yo	Yo	Opus+Ego D6	1Vi, 1Co	1t	1Vi, 1Co	El druida se puede convertir en criaturas de gran poder como demonios, dragones, etc. El poder de la criatura y el conocimiento que se tenga de ella determinarán la dificultad.
Fuego	Pyrokinesis	1	1a	Zona	Visual	Opus+Quod D3	1Vi	Inst	No	El elementalista puede concentrarse en un punto y calentarlo enormemente creando fuego. El fuego proyectado hará daño letal de base 2 e incremento 0.5. El NE determina cuánto fuego se crea, que irá desde una pequeña bola hasta un muro de fuego.\n*Inmolar (Opus+Ego D3)* El elementalista se rodea de llamas y se vuelve inmune al fuego.
La llama de la vida	Pyrokinesis	2	1a	Persona	Visual	Sci+Quod D3	1Vo	Inst	No	El elementalista puede ver el fuego interior de una persona, aprendiendo sobre el estado físico y psíquico de esa persona
Relámpago	Pyrokinesis	3	Inst	Yo	Yo	Sci+Ego D5	5-Vi, 5-Salud	Inst	No	El elementalista es capaz de manipular su energía interior y proyectarla en forma de relámpago, aunque provocándose daños a si mismo (cada NE reduce 1Vi y 1Salud al coste). La proyección se considera un ataque a distancia (Des+Dis), con daño base 7 y daño incremental 0.5.
Fuego interno	Pyrokinesis	4	Inst	Yo	Yo	Opus+Ego D5	2Vi	1t	2Vi	El fuego interno es avivado aumentando el metamolismo del cuerpo y permitiendo moverse el doble de rápido. El elementalista tiene 2 acciones por turno.
Explosión	Pyrokinesis	5	1a	Zona	Visual	Opus+Quod D5	2Co	Inst	No	En una zona de repente se detona una poderosa explosion (mayor NE, mayor explosión)
Fascinación	Sugestión	1	Inst	Yo	Yo	Sci+Ego D1	1Co	1esc	No	Todos los que estén cerca sentirán un repentino deseo de acercarse al telépata y serán más receptivos a sus puntos de vista. A pesar de la intensidad de esta atracción, los afectados no perderán su instinto de conservación. El peligro rompe el poder de la fascinación, igual que abandonar la zona. Sólo afectará a aquellos con menor Voluntad que NE.
Encantamiento	Sugestión	2	1a	Persona	Verbal	Opus+Quod D1	2Vo	2h	1Vo	Este poder tuerce las emociones, convirtiendo al objetivo en un adorador del telépata. Obedecerán la mayoría de sus deseos, actuando por devoción. Cuando el poder acabe, la víctima se puede sentir ultrajada por lo que ha pasado. Encantamiento sólo será efectivo si el objetivo tiene menos voluntad que el telépata.
Alterar emociones	Sugestión	3	3a	Personas	Verbal	Sci+Quod D1	2Co	10min	2Co	Este poder es capaz de cambiar las emociones de todo el que esté interactuando con el telépata en una dirección concreta. Las víctimas pueden gasta 1Vo para controlarse.
Emoción	Sugestión	4	5min	Persona	Verbal	Sci+Quod D1	2Co	Perm	No	El telépata es capaz de implantar la emoción de su elección (miedo, amor, asco, tristeza, ira,..) en el objetivo con gran intensidad. La dificultad del uso dependerá de lo fácil que sea implantar la emoción en el objetivo. No se pueden implantar más de una emoción en el mismo objetivo.
El pulso de la ciudad	Sugestión	5	Inst	Esfera	Yo	Sci+Ego D1, Opus+Quod D1	2Co	1día	2Co	El telépata es capaz de sentir el pulso de la zona donde se encuentra y manipularlo sutilmente, de esta forma puede conseguir que todos los habitantes acaben trabajando conjuntamente y sin necesariamente saberlo para conseguir un objetivo común. El NE de Sci+Ego indicará el alcance del efecto, los habitantes cuya Voluntad superen al NE de Opus+Quod no se verán afectados.
Conectar	Tecnopatía	1	Inst	Máquina	Toque	Opus+Ego D1	No	Inst	No	El tecnomante es capaz de manejar cualquier instrumento tecnológico sólo tocándolo en cualquier parte, p. ej. un ordenador sólo tocando el monitor, abrir una cerradura tocando la puerta o accionar una polea sin tirar de la cuerda. El tecnomante se cansará de la misma forma que si estuviera haciendo la acción normalmente. La dificultad aumentará con la complejidad de la acción
Entender	Tecnopatía	2	1a	Máquina	Toque	Sci+Ego D3	1Vo	Inst	No	Tocando un objeto el usuario puede aprender para qué sirve y cómo se usa.\n*Pasivo (Sci+Quod D4)* El tecnomante puede sumar la mitad de su puntuación de tecnopatía a la competencia de cualquier prueba que implique manipular tecnología
Hackear	Tecnopatía	3	1a	Máquina	Toque	Opus+Ego D5	1Vi, 1Vo	Inst	No	El tecnomante puede conseguir que un objeto tecnológico que toque haga lo que él quiera (dentro de sus posibilidades, por ejemplo que un cajero empiece a escupir billetes o que una terminal desactive cámaras de seguridad). La dificultad del intento se incrementará dependiendo del hackeo
Redes	Tecnopatía	4	1a	Flujo datos	5m	Sci+Quod D6	1Vo	1h	1Vo	El usuario es capaz de navegar cualquier flujo de información que tenga cerca (tocando cables o siguiendo ondas que le lleguen) para infiltrarse en una red y tratar de controlar su flujo de información. La dificultad del intento aumenta con el tamaño de la red y de su seguridad.
IA	Tecnopatía	5	1h	Objeto	Toque	Sci+Ego D6, Opus+Quod D7	1+Vo	1h	1Vo	El tecnomante es capaz de animar e imbuir de inteligencia un objeto temporalmente. Para ello transfiere parte de su energía mental al objeto. El objeto obtendrá tanta Int como NE, gastando 1Vo por cada uno.
Telekinesis	Telekinesis	1	Inst+	Entidad	Visual	Opus+Quod D1	0+Vi	2t	0+Vi	El psíquico puede mover objetos de diverso tamaño a distancia, la dificultad y el coste aumentarán con la masa del objeto, el NE determinará la velocidad de movimiento, la maniobrabilidad y el tiempo de invocación.\n*Levitar (Opus+Ego D4)* Permite levitar.
Entorno	Telekinesis	2	Inst	Esfera	10m	Sci+Ego D3	1Vo	4t	1Vo	Permite usar telekinesis fuera del alcance visual siempre que esté dentro del radio de acción de esta ars. El psíquico será capaz de captar las formas de los objetos dentro de la esfera como si fuera un sonar.
Brusquedad	Telekinesis	3	Pasiva	Yo	Yo	Opus+Quod D4	+Vi	Perm	No	La telekinesis se utiliza para mover entidades de forma suave, esta ars permite hacerlo de forma brusca, aumentando el coste en 1Vi. De esta forma se podrá empujar enemigos, lanzar proyectiles o forzar objetos.
Fineza	Telekinesis	4	Pasiva	Yo	Yo	Sci+Quod D4	No	Perm	No	El psíquico percibe mejor la entidad que esta manipulando, ahora la telekinesis se puede realizar con gran nivel de fineza. Dependiendo del NE se podrá abrir una puerta con una llave (NE0), escribir con un boli(NE1), luchar con espada(NE2) o manejar una pistola(NE3)\n*Títere (Opus+Quod vs Vi)* Puede controlar una persona contra su voluntad.
Corte	Telekinesis	5	Pasiva	Yo	Yo	Opus+Quod D5	+1Vi	Perm	No	El psíquico puede usar la telekinesis para hacer incisiones en un objetivo. Dependiendo del NE podrán ser pequeños cortes quirúrgicos o sajos completos. Aumenta el coste en 1Vi
Leer mente	Telepatía	1	Inst	Persona	Visual	Sci+Quod D2	1Vo	Inst	No	El psíquico es capaz de obtener la información que se encuentra en ese momento en la mente objetivo. Cuanto más secreto y reprimido sea lo que se quiere obtener mayor será la dificultad. Si el objetivo es consciente de que se le está leyendo la mente, el intento deberá superar la voluntad del objetivo. Establecer contacto visual baja la dificulta en 2.
Establecer canal	Telepatía	2	1a	Persona	Visual	Opus+Ego D3	1Co	Indef	No	El psíquico establece un vínculo entre varias personas que pueden comunicarse entre sí sin necesidad de hablar. Si un objetivo no quiere participar en el enlace, el intento deberá superar su voluntad.
Compartir	Telepatía	3	1a	Persona	Visual	Sci+Quod D4	1Co	30min	1Vo	Se establece un enlace con el objetivo, este enlace permite ver, oír y sentir todo lo que el objetivo ve, oye y siente. Una prueba enfrentada de Ast+Sig vs Ast+Ale permite pasar desapercibido al huesped. Desde la mente compartida se pueden utilizar otras artes.\n*Semilla (Opus+Quod D4, 2Co)* La presencia en la mente ajena puede hibernar para ser reactivada en cualquier otro momento.
Red mental	Telepatía	4	1a	Esfera	30m	Sci+Ego D4	1Co	Inst	No	El telépata es capaz de navegar con rapidez por los pensamientos y conversaciones de la gente de su alrededor. Esta red mental sólo la forman aquellos cuya voluntad sea menor que el NE del intento.
Realidad	Telepatía	5	1a	Esfera	30m	Opus+Quod D7	1Co	10Min/3t	1Co	El psíquico controla toda la información sensorial que entra en el cerebro de su objetivo. La tirada de mantenimiento se hará contra la voluntad del objetivo, el NE determina el grado de impacto:\n0: Oído\n1: Vista\n2: Sensación térmica y equilibrio\n3: Tacto
Incepción	Tentación	1	5min	Persona	20m	Opus+Quod D3	1Vo, Pentrel	Perm	No	Se implanta un deseo que se siente propio. Si el deseo es incoherente con la naturaleza del objetivo la dificultad aumentará. El NE del intento deberá superar la Co del objetivo y cada NE aumentará el efecto. La calidad del pentrel puede ayudar a la tirada.\n*Potenciar* Si el deseo ya existe se puede potenciar con mayor facilidad.
Éxtasis	Tentación	2	1a	Personas	Verbal	Opus+Ego D2	1Vo, 1Vi, 1Salud	5t/5min	1Vo	Los objetivos verán su deseo primario en ese momento potenciado hasta un éxtasis sobrenatural y harán todo lo posible para satisfacerlo. Utilizarlo en una batalla puede potenciar el rendimiento de los aliados; en medio de una película erótica puede generar una bacanal. Los objetivos se podrán resistir si su voluntad supera el NE del intento; si no, podrán gastar 1Vo para controlarse un turno.
Capturar alma	Tentación	3	1-mes	Persona	10km	Sci+Quod D4	Pentrel	Perm	No	El alma de una persona es destilada y condensada en una gema, haciendo su manipulación mucho más facil. El proceso lleva tiempo (cada NE lo reduce) y el objetivo se sentirá inexplicablemente atraido a la bruja, aunque no la conozca ni sepa donde está. Si la gema se rompe, el alma se liberará.
Deseo de dolor	Tentación	4	1a	Persona	Verbal	Opus+Quod D5	1Vi, Sacrificio	1t	1Vi	El objetivo de repente siente la irrefrenable urgencia de autolesionarse hasta llegar a la muerte. La gravedad de las lesiones dependerá del NE, siendo pequeñas en principio. La víctima puede gastar 1Vo para controlarse ese turno.
Ejército	Tentación	5	30min	Personas	3km	Opus+Ego D5	1Vi, Sacrificio	1día	Sacrificio	El brujo es capaz de implantar deseos en masa con distinta intensidad (depende del NE y del sacrificio) que se van haciendo más fuertes cuanto más tiempo pasa: desde ganar unas elecciones hasta formar un ejército. Para esta habilidad el brujo no tiene que haber estado en contacto directo con sus objetivos pero debe ser una figura pública y conocida.
Portal	Viajar	1	3a	Zona	3m	Sci+Quod D2, Opus+Ego D2	1+Co	6h	1Co	El viajero es capaz de unir dos posiciones del mismo plano con un portal. Distancias más largas aumentarán la dificultad de la prueba de Sci+Quod y el coste en Co, Portales mayores que personales aumentarán la prueba de Opus+Quod.
Rasgar el plano	Viajar	2	1h	Fisura	10m	Opus+Ego D3	3Co	1+min	No	El viajero puede rasgar el tejido de un plano para acceder a otro en puntos débiles de éste (fisuras). Los NE marcan el tiempo que una fisura puede permanecer abierta.\n*Buscar fisura (Sci+Quod D4)* El viajero es capaz de encontrar una fisura del plano como si tuviese una brújula.
Trascender	Viajar	3	1h	Yo	Yo	Sci+Quod D5	1Co	5min	1Vi	El viajero es capaz de proyectarse a cualquier punto de otro plano y ver lo que está sucediendo allí. No se puede usar para observar el plano en el que se está.
Viajar	Viajar	4	5min	Yo	Yo	Sci+Quod D6, Opus+Ego D6	6Vi, 6Vo, 6Co	Inst	No	El viajero puede saltar a otro plano, pasando por la Sala de los Accesos. La prueba de Sci+Quod tendrá dificultad más elevada si el viajero no está familiarizado con el destino, esta tirada tiene riesgo alto de perderse en la Sala de Accesos. Cada NE baja 1 punto de cada el coste.
Invocar	Viajar	5	2a	Entidad	Multiverso	Sci+Quod D7, Opus+Ego D7	2Co	Inst	No	El viajero puede traer de otra dimensión a algo o a alguien. Si el objetivo no desea ir y tiene más de 5 de coherencia se podrá resistir. La prueba de Sci+Quod tendrá dificultad más elevada si el viajero no está familiarizado con el objetivo.
Naturaleza	Vita	1	1a	Esfera	3km	Sci+Ego D2	Trance	Indef	No	El druida puede entrar en un estado de comunión con la naturaleza a su alrededor y compartir las sensaciones de los seres vivos a su alrededor. Cuando más exitoso sea el intento y cuanta más vida haya alrededor más información. Se puede usar para rastrear en un bosque o para anticipar un peligro.
Vigorizar	Vita	2	1a	Persona	Toque	Opus+Ego/Quod D2	2letales	Inst	No	El druida puede modificar los canales biológicos de crecimiento para aumentar todos los físicos en 1 del objetivo, utilizando su fuerza vital. Si el druida tiene conocimientos de biología avanzados (Int+Bio D6) consigue hacer el proceso más eficiente y aumenta los atributos en 2\n*Pasivo (Sci+Ego D5)* La mejora de atributos físicos es a un coste menor: 3XP x nivel actual.
Transfusión	Vita	3	1a	Persona	Toque	Sci+Quod D3	1Co	5min	No	El druida es capaz de transferir su propia esencia vital a su objetivo al tocarle. Puede elegir tomar cualquier cantidad de letales para restaurar la misma cantidad de estados de salud. De la misma forma puede traspasar cualquier cantidad de vigor. Si la prueba de Sci+Quod supera D6 el proceso se puede hacer en sentido opuesto si el objetivo lo consiente o superando Opus+Quod vs vigor
Crecimiento salvaje	Vita	4	1a	Ser vivo	Toque	Opus+Quod D5	2Co	10+min/1+t	No	El druida puede estimular masivamente el crecimiento de cualquier tejido orgánico. Cada NE extiende la duración del efecto
Resucitar	Vita	5	10+min	Ser vivo	Toque	Sci+Quod D6, Opus+Ego D6	∞Vi,Vo,Co,Salud	Perm	No	El druida es capaz de revertir cualquier daño físico que haya causado la muerte a un ser vivo, siempre que no haya pasado mucho tiempo. Las heridas difíciles de detectar aumentan la dificultad de Sci+Quod, daños masivos aumentan la de Opus+Ego
Familiar	Zoopatía	1	Pasiva	Familiar	Multiverso	Sci+Quod D2	No	Perm	No	Un animal puede ser elegido como familiar, estableciendo un vínculo cuya intensidad dependerá de Sci+Quod:\n2: Comunicación básica\n4: Compartir sentidos\n6: Transferir consciencia\n8: Fusión\n1 familiar a la vez max. El druida sufrirá un shock en caso de muerte brusca.
Hablar con animales	Zoopatía	2	Inst	Animales	Verbal	Sci+Quod D2	1Vi	1esc	No	El druida puede entablar comunicación con animales, el NE combinado con la inteligencia del animal determinará la calidad de la comunicación. En éxito el druida utilizará una mezcla de lenguaje humano y animal. Esto puede implicar hacer onomatopeyas y tratar de imitar lenguaje corporal.
Convocar	Zoopatía	3	1a	Animales	10km	Opus+Quod D4	1Co	Inst	No	El druida puede tratar de atraer animales de una especie a su posición. El NE de la prueba  determinará cuántos atrae, una vez en la cercanía dependerá del druida entablar una relación. La dificultad variará de donde esté el usuario (p. ej. invocar ciervos al centro de una ciudad puede ser difícil).
Evolucionar	Zoopatía	4	1+día	Animales	Cercanía	Opus+Quod D5	3Co	Perm	1Co/día	El druida puede, con tiempo, alterar rasgos de un grupo de individuos que estén presentes y pertenezcan a la misma especie. Los rasgos alterados pueden ser físicos (crecer cuernos, resistencia al frío, etc.) o mentales (mayor inteligencia, desarrollar sentidos, etc.). Conocimiento en Bio permite obtener rasgos más complejos, que a su vez aumenta el tiempo de evolución desde 1 día a semanas
Simbiosis	Zoopatía	5	Pasiva	Animales	5+km	Sci+Quod D6	No	Perm	No	El druida conecta toda la vida animal de su alrededor creando un sólo superorganismo, haciendo que todo el entorno pueda responder como si fuera uno. Cuanto mayor sea la puntuación de Sci+Quod mayor será el radio de acción, a más especies involucrará el poder y más profunda será la conexión.
\.


--
-- Data for Name: aspecti; Type: TABLE DATA; Schema: public; Owner: master
--

COPY public.aspecti (name, description) FROM stdin;
Artista	El manipulador sólo es capaz de manifestar sus habilidades a través de alguna forma de expresión artística. Una bruja puede hechizar a su público con su canto, un clérigo puede hacer pinturas para ganarse favores o un tecnomante podría crear un nuevo ingenio a través de la escultura.
Artista marcial	Utiliza las artes marciales para manifestar la manipulación de planos. Por ello, sólo podrá utilizar ars mientras ejecutas movimientos pero no necesitará concentración adicional.
Especialista	Se centra en un ars que domina de forma excepcional. El ars especializado obtiene +2 en todos los intentos pero las demás artes obtienen un -1.
Exclusivo	El manipulador sólo es capaz de utilizar un ars, pero es como una extensión de su cuerpo. Todos los intentos de ese ars obtienen un +4 pero el usuario no puede usar ningún otro.
Talento natural	El manipulador ha nacido con una afinidad natural para la manipulación de planos, para él es sencillo pero cuando falla a veces las consecuencias son desastrosas. Obtiene +1 affinitas y +1 aditum pero los intento de manipulación tienen riesgos superiores.
\.


--
-- Data for Name: character_sheets; Type: TABLE DATA; Schema: public; Owner: master
--

COPY public.character_sheets (chronicle, player, character_name, character_stats, character_inventory) FROM stdin;
IntroPWC	Master	Sombra	{"bio": {"age": "31", "job": "Asesino", "past": "", "looks": "Pelo corto y castaño. Barba de 2 días. Estatura normal.", "species": "Humano", "motivation": "", "personality": "Silencioso y brusco."}, "skills": {"Talentos": {"Pelea": 2, "Mentir": 1, "Empatía": 0, "Atletismo": 2, "Creatividad": 0, "Persuasión": 0, "Resiliencia": 0, "Observación": 1, "Intimidación": 2, "Tratar animales": 0}, "Tecnicas": {"Sigilo": 2, "Pericias": 0, "Curación": 1, "Conducción": 0, "Supervivencia": 1, "Armas de melee": 2, "Investigación": 1, "Juego de manos": 0, "Interpretación": 0, "Armas a distancia": 3}, "Conocimientos": {"Arte": 0, "Medicina": 0, "Biología": 0, "Seguridad": 2, "Psicología": 0, "Tecnología": 1, "Lingüística": 0, "Mat./Economía": 0, "Sociopolítica": 0, "Física/Química": 0}}, "status": {"ep": "", "xp": "", "Salud": {"heavy": 0, "light": 0}, "Vigor": {"perm": 2, "temp": 2}, "Cordura": {"heavy": 0, "light": 0}, "Voluntad": {"perm": 3, "temp": 3}, "Coherencia": {"perm": 1, "temp": 1}}, "atributes": {"Físicos": {"Fuerza": 3, "Destreza": 4, "Resistencia": 2}, "Mentales": {"Astucia": 3, "Percepción": 3, "Inteligencia": 2}, "Sociales": {"Carisma": 1, "Apariencia": 2, "Manipulación": 2}}, "plane_manipulation": {"via": "Sombría", "artes": {"Sugestión": 0, "Aerokinesis": 1, "Ocultación": 3, "Tecnopatía": 0}, "modus": "", "access": {"ego": 1, "opus": 2, "quod": 1, "scientia": 0}, "aspects": ["", ""], "journey": 0}}	{"items": {}, "weapons": {"Pistola": ["Pistola Blaster", "Glock 9mm"], "Cuchillo": ["Cuchillo militar"]}}
IntroPWC	Patxy	John Logan	{"bio": {"age": "35", "job": "Cazarrecompensas", "past": "Fue durante años esclavo de enanos junto a su familia.", "looks": "Duros y marcados. Con cicatrices.", "species": "Humano", "motivation": "", "personality": "Tosco y directo."}, "skills": {"Talentos": {"Pelea": 1, "Alerta": 3, "Empatía": 0, "Atletismo": 2, "Liderazgo": 0, "Diplomacia": 0, "Creatividad": 0, "Subterfugio": 1, "Intimidación": 2, "Tratar animales": 0}, "Tecnicas": {"Sigilo": 3, "Rastreo": 0, "Pericias": 0, "Curación": 0, "Conducción": 0, "Supervivencia": 0, "Armas de melee": 2, "Armas a distancia": 3, "Busq. información": 2, "Actuación artística": 0}, "Conocimientos": {"Arte": 0, "Medicina": 0, "Biología": 0, "Psicología": 2, "Tecnología": 0, "Informática": 1, "Lingüística": 0, "Mat./Economía": 0, "Sociopolítica": 0, "Física/Química": 0}}, "status": {"ep": "1", "xp": "12+5", "Salud": {"heavy": 8, "light": 0}, "Vigor": {"perm": 2, "temp": -2}, "Cordura": {"heavy": 3, "light": 1}, "Voluntad": {"perm": 3, "temp": 3}, "Coherencia": {"perm": 1, "temp": 1}}, "atributes": {"Físicos": {"Fuerza": 3, "Destreza": 4, "Resistencia": 2}, "Mentales": {"Astucia": 3, "Percepción": 3, "Inteligencia": 2}, "Sociales": {"Carisma": 1, "Apariencia": 2, "Manipulación": 2}}, "plane_manipulation": {"via": "Sombría", "artes": {"Sugestión": 0, "Aerokinesis": 2, "Ocultación": 2, "Tecnopatía": 0}, "modus": "Intuitivo", "access": {"ego": 1, "opus": 2, "quod": 1, "scientia": 1}, "aspects": ["", ""], "journey": 2}}	{"items": {"Gafas V Nocturna": "Unas gafas de visión nocturna"}, "weapons": {"Espada": ["Espada Larga"], "Pistola": ["Glock 9mm", "Pistola Blaster"], "Cuchillo": ["Cuchillo militar"]}}
IntroPWC	Adrian	Steve	{"bio": {"age": "42", "job": "IT Planar", "past": "Superviviente de un mundo corrupto,", "looks": "1.70m, 55Kg, precalvo,cara amargado, blanco, pelo oscuro. Brazo negro mazado que sale del pecho,ojos extra de diferentes colores (un ojo necesita gafas),unos dedos en la espalda.", "species": "Mutante", "motivation": "Escapar del mundo corrupto", "personality": "Quemado, cinico,"}, "skills": {"Talentos": {"Pelea": 0, "Mentir": 1, "Empatía": 0, "Atletismo": 0, "Creatividad": 1, "Persuasión": 1, "Resiliencia": 2, "Observación": 2, "Intimidación": 0, "Tratar animales": 0}, "Tecnicas": {"Sigilo": 0, "Pericias": 2, "Curación": 0, "Conducción": 1, "Supervivencia": 0, "Armas de melee": 0, "Investigación": 1, "Juego de manos": 0, "Interpretación": 0, "Armas a distancia": 0}, "Conocimientos": {"Arte": 0, "Medicina": 0, "Biología": 0, "Seguridad": 3, "Psicología": 1, "Tecnología": 3, "Lingüística": 0, "Mat./Economía": 0, "Sociopolítica": 0, "Física/Química": 2}}, "status": {"ep": "", "xp": "4+5", "Salud": {"heavy": 2, "light": 0}, "Vigor": {"perm": 3, "temp": -1}, "Cordura": {"heavy": 6, "light": 0}, "Voluntad": {"perm": 3, "temp": -1}, "Coherencia": {"perm": 2, "temp": 1}}, "atributes": {"Físicos": {"Fuerza": 2, "Destreza": 2, "Resistencia": 3}, "Mentales": {"Astucia": 3, "Percepción": 2, "Inteligencia": 5}, "Sociales": {"Carisma": 1, "Apariencia": 1, "Manipulación": 3}}, "plane_manipulation": {"via": "Tecnomancia", "artes": {"Geokinesis": 0, "Divinación": 0, "Tecnopatía": 4, "Inspiración": 0}, "modus": "Erudito", "access": {"ego": 2, "opus": 1, "quod": 0, "scientia": 2}, "aspects": ["Especialista", ""], "journey": 1}}	{"items": {"Dispositivo de camuflaje": "Esconde las deformidades y me hace parecer un humano normal. Hay que recargarlo cada 5 horas"}, "weapons": {"Espada": ["Espada Larga"]}}
IntroPWC	Master	Maria	{"bio": {"age": "25", "job": "Viajera", "past": "Se quedó atrapada en un mundo corrupto una semana.", "looks": "1.67m, pelo corto castaño, ojos oscuros. Lleva una mochila con souvenirs de otros planos.", "species": "Humana", "motivation": "Convertirse en una viajera.", "personality": "Profesional, practica. De pocas palabras"}, "skills": {"Talentos": {"Pelea": 0, "Mentir": 0, "Empatía": 1, "Atletismo": 2, "Creatividad": 1, "Persuasión": 0, "Resiliencia": 2, "Observación": 2, "Intimidación": 0, "Tratar animales": 0}, "Tecnicas": {"Sigilo": 1, "Pericias": 0, "Curación": 2, "Conducción": 1, "Supervivencia": 2, "Armas de melee": 1, "Investigación": 1, "Juego de manos": 0, "Interpretación": 0, "Armas a distancia": 1}, "Conocimientos": {"Arte": 0, "Medicina": 0, "Biología": 1, "Seguridad": 0, "Psicología": 1, "Tecnología": 2, "Lingüística": 1, "Mat./Economía": 0, "Sociopolítica": 1, "Física/Química": 1}}, "status": {"ep": "", "xp": "", "Salud": {"heavy": 1, "light": 0}, "Vigor": {"perm": 2, "temp": 2}, "Cordura": {"heavy": 3, "light": 1}, "Voluntad": {"perm": 3, "temp": 3}, "Coherencia": {"perm": 2, "temp": 2}}, "atributes": {"Físicos": {"Fuerza": 2, "Destreza": 3, "Resistencia": 2}, "Mentales": {"Astucia": 3, "Percepción": 3, "Inteligencia": 4}, "Sociales": {"Carisma": 2, "Apariencia": 2, "Manipulación": 1}}, "plane_manipulation": {"via": "Viaje", "artes": {"Viajar": 2, "Divinación": 4, "Ocultación": 0}, "modus": "Erudito", "access": {"ego": 2, "opus": 1, "quod": 2, "scientia": 3}, "aspects": ["", ""], "journey": 3}}	{"items": {}, "weapons": {"Espada": ["Espada Larga"]}}
IntroPWC	Sulo	Ardrubal	{"bio": {"age": "30", "job": "Explorador planar", "past": "Otros caminantes de planos con tecnologia atacaron su mundo y mataron a su hermana", "looks": "Piel morena, ojos verdes, barba de varios meses. Vestido con pieles.", "species": "Humana", "motivation": "Visitar y aprender de otros mundos para ayudar al suyo", "personality": "Curioso"}, "skills": {"Talentos": {"Pelea": 2, "Mentir": 0, "Empatía": 0, "Atletismo": 3, "Creatividad": 0, "Persuasión": 0, "Resiliencia": 1, "Observación": 2, "Intimidación": 0, "Tratar animales": 2}, "Tecnicas": {"Sigilo": 2, "Pericias": 1, "Curación": 1, "Conducción": 0, "Supervivencia": 3, "Armas de melee": 2, "Investigación": 0, "Juego de manos": 0, "Interpretación": 0, "Armas a distancia": 0}, "Conocimientos": {"Arte": 0, "Medicina": 0, "Biología": 0, "Seguridad": 0, "Psicología": 0, "Tecnología": 0, "Lingüística": 0, "Mat./Economía": 0, "Sociopolítica": 0, "Física/Química": 0}}, "status": {"ep": "", "xp": "", "Salud": {"heavy": 0, "light": 0}, "Vigor": {"perm": 3, "temp": 3}, "Cordura": {"heavy": 0, "light": 0}, "Voluntad": {"perm": 2, "temp": 2}, "Coherencia": {"perm": 1, "temp": 1}}, "atributes": {"Físicos": {"Fuerza": 3, "Destreza": 4, "Resistencia": 3}, "Mentales": {"Astucia": 2, "Percepción": 3, "Inteligencia": 2}, "Sociales": {"Carisma": 2, "Apariencia": 2, "Manipulación": 1}}, "plane_manipulation": {"via": "Hechicería", "artes": {"Ritual": 2, "Alquimia": 0, "Talismán": 0, "Estudios Arcanos": 2}, "modus": "Arcano", "access": {"ego": 1, "opus": 1, "quod": 1, "scientia": 1}, "aspects": ["", ""], "journey": 3}}	{}
Calloway	Ri	Sir James Drake	{"bio": {"age": "44", "job": "Explorador", "past": "Muchas expediciones en el ártico y en las colonias. Perdió 3 dedos del pie por congelación.", "looks": "Pelo medio largo oscuro. Rasgos delicados y afilados. 1.81 de alto. Alcoholico.", "species": "Humano", "motivation": "Dejar su huella en los libros de historia", "personality": "Prepotente pero amistoso. Le gusta contar batallitas a quien le escuche."}, "skills": {"Talentos": {"Pelea": 0, "Mentir": 1, "Empatía": 1, "Atletismo": 2, "Creatividad": 0, "Persuasión": 2, "Resiliencia": 1, "Observación": 2, "Intimidación": 0, "Tratar animales": 1}, "Tecnicas": {"Sigilo": 0, "Pericias": 0, "Curación": 0, "Conducción": 1, "Supervivencia": 4, "Armas de melee": 0, "Investigación": 1, "Juego de manos": 0, "Interpretación": 0, "Armas a distancia": 2}, "Conocimientos": {"Arte": 0, "Medicina": 0, "Biología": 0, "Seguridad": 0, "Psicología": 0, "Tecnología": 0, "Lingüística": 1, "Mat./Economía": 0, "Sociopolítica": 1, "Física/Química": 0}}, "status": {"ep": "", "xp": "", "Salud": {"heavy": 0, "light": 0}, "Vigor": {"perm": 2, "temp": 2}, "Cordura": {"heavy": 0, "light": 0}, "Voluntad": {"perm": 3, "temp": 3}, "Coherencia": {"perm": 0, "temp": 3}}, "atributes": {"Físicos": {"Fuerza": 2, "Destreza": 3, "Resistencia": 2}, "Mentales": {"Astucia": 3, "Percepción": 3, "Inteligencia": 3}, "Sociales": {"Carisma": 3, "Apariencia": 2, "Manipulación": 1}}, "plane_manipulation": {"via": "Via", "artes": {}, "modus": "", "access": {"ego": 0, "opus": 0, "quod": 0, "scientia": 0}, "aspects": ["", ""], "journey": 0}}	{"items": {}, "weapons": {"Rifle": ["Springfield"], "Espada": ["Espada Larga"]}}
IntroPWC	Kike	Collin Richards	{"bio": {"age": "39", "job": "Detective de NYPD", "past": "Mato a un criminal y se encontro posteiormente su copia de otro plano.", "looks": "Castaño, ojos oscuros, fumador, voz ronca.", "species": "Humano", "motivation": "", "personality": "Obsesivo, solitario."}, "skills": {"Talentos": {"Pelea": 2, "Alerta": 2, "Empatía": 1, "Atletismo": 1, "Liderazgo": 0, "Diplomacia": 2, "Creatividad": 1, "Subterfugio": 1, "Intimidación": 1, "Tratar animales": 0}, "Tecnicas": {"Sigilo": 2, "Rastreo": 2, "Pericias": 0, "Curación": 0, "Conducción": 1, "Supervivencia": 0, "Armas de melee": 0, "Armas a distancia": 3, "Busq. información": 3, "Actuación artística": 0}, "Conocimientos": {"Arte": 0, "Medicina": 1, "Biología": 0, "Psicología": 0, "Tecnología": 0, "Informática": 0, "Lingüística": 0, "Mat./Economía": 0, "Sociopolítica": 1, "Física/Química": 0}}, "status": {"ep": "2", "xp": "6+5", "Salud": {"heavy": 7, "light": 3}, "Vigor": {"perm": 2, "temp": 1}, "Cordura": {"heavy": 0, "light": 1}, "Voluntad": {"perm": 5, "temp": 4}, "Coherencia": {"perm": 1, "temp": 1}}, "atributes": {"Físicos": {"Fuerza": 2, "Destreza": 2, "Resistencia": 2}, "Mentales": {"Astucia": 5, "Percepción": 3, "Inteligencia": 2}, "Sociales": {"Carisma": 3, "Apariencia": 2, "Manipulación": 2}}, "plane_manipulation": {"via": "Sombría", "artes": {"Sugestión": 2, "Aerokinesis": 0, "Ocultación": 2, "Tecnopatía": 0}, "modus": "Intuitivo", "access": {"ego": 1, "opus": 2, "quod": 1, "scientia": 0}, "aspects": ["", ""], "journey": 1}}	{"items": {"": ""}, "weapons": {"Arco": [], "Porra": ["Porra de seguridad"], "Espada": ["Espada Larga"], "Pistola": ["Glock 9mm"]}}
IntroPWC	Sulo	Jerry Smith	{"bio": {"age": "28", "job": "Técnico máquinas indus", "past": "Madre muerta por monstruo interdimensional, padre desaparecido", "looks": "Tipo blanco con gafas", "species": "Humano", "motivation": "Encontrar a su padre", "personality": "Perfeccionista retraido"}, "skills": {"Talentos": {"Pelea": 0, "Alerta": 0, "Empatía": 0, "Atletismo": 0, "Liderazgo": 0, "Diplomacia": 0, "Creatividad": 0, "Subterfugio": 0, "Intimidación": 0, "Tratar animales": 0}, "Tecnicas": {"Sigilo": 0, "Rastreo": 2, "Pericias": 3, "Curación": 0, "Conducción": 1, "Supervivencia": 0, "Armas de melee": 0, "Armas a distancia": 2, "Busq. información": 2, "Actuación artística": 0}, "Conocimientos": {"Arte": 0, "Medicina": 1, "Biología": 1, "Psicología": 0, "Tecnología": 3, "Informática": 2, "Lingüística": 0, "Mat./Economía": 0, "Sociopolítica": 0, "Física/Química": 2}}, "status": {"ep": "", "xp": "5", "Salud": {"heavy": 4, "light": 0}, "Vigor": {"perm": 3, "temp": 2}, "Cordura": {"heavy": 5, "light": 1}, "Voluntad": {"perm": 3, "temp": 2}, "Coherencia": {"perm": 1, "temp": 1}}, "atributes": {"Físicos": {"Fuerza": 4, "Destreza": 4, "Resistencia": 3}, "Mentales": {"Astucia": 3, "Percepción": 2, "Inteligencia": 4}, "Sociales": {"Carisma": 1, "Apariencia": 2, "Manipulación": 2}}, "plane_manipulation": {"via": "Tecnomancia", "artes": {"Geokinesis": 0, "Divinación": 0, "Tecnopatía": 2, "Inspiración": 2}, "modus": "Erudito", "access": {"ego": 1, "opus": 1, "quod": 0, "scientia": 2}, "aspects": ["", ""], "journey": 1}}	{"items": {"Pistola de portales": "Abre un portal a una misteriosa dimension desierta"}, "weapons": {"Porra": [], "Pistola": []}}
Prueba	Ri	Markus	{"bio": {"age": "243", "job": "Aristócrata", "past": "El abrazo vampírico le traumatizó", "looks": "Media altura, moreno, barba de 3 días", "species": "Vampiro", "motivation": "Encontrar de nuevo la humanidad perdida", "personality": "Conciliador aunque no tolera maldades"}, "skills": {"Talentos": {"Pelea": 0, "Mentir": 2, "Empatía": 2, "Atletismo": 1, "Creatividad": 0, "Persuasión": 3, "Resiliencia": 1, "Observación": 1, "Intimidación": 2, "Tratar animales": 0}, "Tecnicas": {"Sigilo": 0, "Pericias": 0, "Curación": 0, "Conducción": 0, "Supervivencia": 0, "Armas de melee": 5, "Investigación": 0, "Juego de manos": 0, "Interpretación": 1, "Armas a distancia": 1}, "Conocimientos": {"Arte": 0, "Medicina": 0, "Biología": 0, "Seguridad": 0, "Psicología": 0, "Tecnología": 0, "Lingüística": 1, "Mat./Economía": 0, "Sociopolítica": 2, "Física/Química": 0}}, "status": {"ep": "", "xp": "", "Salud": {"heavy": 0, "light": 0}, "Vigor": {"perm": 2, "temp": -2}, "Cordura": {"heavy": 0, "light": 0}, "Voluntad": {"perm": 2, "temp": -1}, "Coherencia": {"perm": 1, "temp": -3}}, "atributes": {"Físicos": {"Fuerza": 2, "Destreza": 2, "Resistencia": 2}, "Mentales": {"Astucia": 2, "Percepción": 2, "Inteligencia": 3}, "Sociales": {"Carisma": 5, "Apariencia": 3, "Manipulación": 2}}, "plane_manipulation": {"via": "Telepática", "artes": {"Doblegar": 0, "Sugestión": 3, "Telepatía": 0, "Divinación": 1}, "modus": "Intuitivo", "access": {"ego": 1, "opus": 2, "quod": 1, "scientia": 0}, "aspects": ["", ""], "journey": 0}}	{"items": {"Yesca": "Para fuego\\t", "Linterna": "Para ver en la oscuridad"}, "weapons": {"Arco": [], "Rifle": ["Springfield"], "Espada": [], "Pistola": [], "Cuchillo": ["Cuchillo militar"]}}
Prueba	Ri	Hickey	{"bio": {"age": "32", "job": "Marinero", "past": "Convicto escapado\\t", "looks": "Perilla y pelo medio largo amarillo; bajito\\t\\t", "species": "Humano", "motivation": "Riqueza y poder", "personality": "Agresiva, temeraria y ambiciosa "}, "skills": {"Talentos": {"Pelea": 0, "Mentir": 3, "Empatía": 1, "Atletismo": 0, "Creatividad": 0, "Persuasión": 2, "Resiliencia": 2, "Observación": 3, "Intimidación": 1, "Tratar animales": 0}, "Tecnicas": {"Sigilo": 0, "Pericias": 0, "Curación": 1, "Conducción": 0, "Supervivencia": 2, "Armas de melee": 1, "Investigación": 0, "Juego de manos": 0, "Interpretación": 0, "Armas a distancia": 2}, "Conocimientos": {"Arte": 0, "Medicina": 0, "Biología": 0, "Seguridad": 1, "Psicología": 0, "Tecnología": 1, "Lingüística": 0, "Mat./Economía": 0, "Sociopolítica": 0, "Física/Química": 0}}, "status": {"ep": "", "xp": "", "Salud": {"heavy": 0, "light": 0}, "Vigor": {"perm": 2, "temp": -1}, "Cordura": {"heavy": 3, "light": 3}, "Voluntad": {"perm": 3, "temp": 2}, "Coherencia": {"perm": 2, "temp": 1}}, "atributes": {"Físicos": {"Fuerza": 1, "Destreza": 2, "Resistencia": 2}, "Mentales": {"Astucia": 3, "Percepción": 3, "Inteligencia": 2}, "Sociales": {"Carisma": 3, "Apariencia": 2, "Manipulación": 4}}, "plane_manipulation": {"via": "Brujería", "artes": {"Ritual": 0, "Alquimia": 0, "Zoopatía": 0, "Maldición": 2, "Tentación": 2}, "modus": "Intuitivo", "access": {"ego": 2, "opus": 1, "quod": 1, "scientia": 0}, "aspects": ["", ""], "journey": 0}}	{"items": {"Botas": "Del comandante anterior", "Abrigo": "De oficial"}, "weapons": {"Espada": ["Espada Larga"], "Pistola": ["Revolver S&W Model 10"], "Cuchillo": ["Cuchillo militar"]}}
IntroPWC	Master	Sora	{"bio": {"age": "24", "job": "", "past": "Su mundo fue devorado por Apocalipsis.", "looks": "Rubia oscuro con coleta. Baja. Musculos bien definidos.", "species": "Humana", "motivation": "Destruir a Apocalipsis.", "personality": "Simpática y buena compañera."}, "skills": {"Talentos": {"Pelea": 2, "Mentir": 0, "Empatía": 3, "Atletismo": 2, "Creatividad": 0, "Persuasión": 2, "Resiliencia": 2, "Observación": 1, "Intimidación": 2, "Tratar animales": 1}, "Tecnicas": {"Sigilo": 0, "Pericias": 0, "Curación": 0, "Conducción": 1, "Supervivencia": 1, "Armas de melee": 2, "Investigación": 0, "Juego de manos": 0, "Interpretación": 0, "Armas a distancia": 0}, "Conocimientos": {"Arte": 0, "Medicina": 0, "Biología": 0, "Seguridad": 0, "Psicología": 1, "Tecnología": 1, "Lingüística": 0, "Mat./Economía": 0, "Sociopolítica": 0, "Física/Química": 0}}, "status": {"ep": "", "xp": "3", "Salud": {"heavy": 0, "light": 5}, "Vigor": {"perm": 2, "temp": -2}, "Cordura": {"heavy": 0, "light": 0}, "Voluntad": {"perm": 2, "temp": 2}, "Coherencia": {"perm": 1, "temp": 1}}, "atributes": {"Físicos": {"Fuerza": 3, "Destreza": 2, "Resistencia": 2}, "Mentales": {"Astucia": 2, "Percepción": 2, "Inteligencia": 2}, "Sociales": {"Carisma": 4, "Apariencia": 3, "Manipulación": 2}}, "plane_manipulation": {"via": "Elemental", "artes": {"Talismán": 0, "Geokinesis": 0, "Aerokinesis": 3, "Pyrokinesis": 1, "Hydrokinesis": 0}, "modus": "Intuitivo", "access": {"ego": 1, "opus": 1, "quod": 2, "scientia": 2}, "aspects": ["", ""], "journey": 0}}	{"items": {"": "", "movil": ""}, "weapons": {"Cuchillo": []}}
Calloway	Chisco	Trevor Carlyle	{"bio": {"age": "47", "job": "Capitan", "past": "", "looks": "", "species": "Humano", "motivation": "", "personality": ""}, "skills": {"Talentos": {"Pelea": 1, "Mentir": 0, "Empatía": 1, "Atletismo": 2, "Creatividad": 0, "Persuasión": 2, "Resiliencia": 1, "Observación": 1, "Intimidación": 2, "Tratar animales": 0}, "Tecnicas": {"Sigilo": 0, "Pericias": 0, "Curación": 0, "Conducción": 0, "Supervivencia": 3, "Armas de melee": 2, "Investigación": 1, "Juego de manos": 0, "Interpretación": 0, "Armas a distancia": 2}, "Conocimientos": {"Arte": 0, "Medicina": 0, "Biología": 0, "Seguridad": 0, "Psicología": 0, "Tecnología": 1, "Lingüística": 0, "Mat./Economía": 0, "Sociopolítica": 2, "Física/Química": 0}}, "status": {"Vigor": {"perm": 2, "temp": 2}, "Voluntad": {"perm": 2, "temp": 1}}, "atributes": {"Físicos": {"Fuerza": 1, "Destreza": 2, "Resistencia": 2}, "Mentales": {"Astucia": 2, "Percepción": 3, "Inteligencia": 3}, "Sociales": {"Carisma": 4, "Apariencia": 2, "Manipulación": 3}}, "plane_manipulation": {"via": "Via", "artes": {}, "modus": "", "access": {"ego": 0, "opus": 0, "quod": 0, "scientia": 0}, "aspects": ["", ""], "journey": 0}}	{}
IntroPWC	Chisco	Xtzplyk	{"bio": {"age": "312", "job": "Explorador planar", "past": "Fue capturado y experimentado en el area 51 de una Terra", "looks": "Alien cabezón y gris. Humaniforme.", "species": "Geis", "motivation": "", "personality": "Hiperlógico. Casi sin sentimientos."}, "skills": {"Talentos": {"Pelea": 2, "Alerta": 1, "Empatía": 0, "Atletismo": 1, "Liderazgo": 0, "Diplomacia": 2, "Creatividad": 0, "Subterfugio": 0, "Intimidación": 0, "Tratar animales": 0}, "Tecnicas": {"Sigilo": 1, "Rastreo": 0, "Pericias": 0, "Curación": 1, "Conducción": 2, "Supervivencia": 1, "Armas de melee": 1, "Armas a distancia": 2, "Busq. información": 2, "Actuación artística": 0}, "Conocimientos": {"Arte": 0, "Medicina": 0, "Biología": 1, "Psicología": 0, "Tecnología": 3, "Informática": 1, "Lingüística": 0, "Mat./Economía": 0, "Sociopolítica": 1, "Física/Química": 0}}, "status": {"ep": "", "xp": "3", "Salud": {"heavy": 6, "light": 0}, "Vigor": {"perm": 2, "temp": -2}, "Cordura": {"heavy": 0, "light": 1}, "Voluntad": {"perm": 3, "temp": 3}, "Coherencia": {"perm": 0, "temp": 0}}, "atributes": {"Físicos": {"Fuerza": 2, "Destreza": 3, "Resistencia": 2}, "Mentales": {"Astucia": 3, "Percepción": 3, "Inteligencia": 4}, "Sociales": {"Carisma": 2, "Apariencia": 2, "Manipulación": 1}}, "plane_manipulation": {"via": "Psíquica", "artes": {"Zoopatía": 0, "Telepatía": 1, "Pyrokinesis": 0, "Telekinesis": 3}, "modus": "Intuitivo", "access": {"ego": 0, "opus": 1, "quod": 2, "scientia": 1}, "aspects": ["", ""], "journey": 0}}	{"items": {"Collar traductor ": ""}, "weapons": {"Pistola": ["Glock 9mm"]}}
IntroPWC	Sonia	Haen Go	{"bio": {"age": "33", "job": "Artista marcial", "past": "Nacida en Corea del Norte, consiguió escapar de adolescente.", "looks": "Alta, esbelta, pelo corto. Tatuaje en Hangul \\"Diosa lucha\\" en brazo derecho", "species": "Humana", "motivation": "Ser la mejor artisca marcial del mundo.", "personality": "Cabezota y competitiva"}, "skills": {"Talentos": {"Pelea": 3, "Alerta": 2, "Empatía": 0, "Atletismo": 3, "Liderazgo": 0, "Diplomacia": 0, "Creatividad": 0, "Subterfugio": 0, "Intimidación": 2, "Tratar animales": 0}, "Tecnicas": {"Sigilo": 1, "Rastreo": 0, "Pericias": 0, "Curación": 1, "Conducción": 0, "Supervivencia": 0, "Armas de melee": 3, "Armas a distancia": 0, "Busq. información": 0, "Actuación artística": 0}, "Conocimientos": {"Arte": 0, "Medicina": 0, "Biología": 0, "Psicología": 0, "Tecnología": 0, "Informática": 0, "Lingüística": 2, "Mat./Economía": 0, "Sociopolítica": 1, "Física/Química": 0}}, "status": {"ep": "", "xp": "", "Salud": {"heavy": 0, "light": 0}, "Vigor": {"perm": 2, "temp": 2}, "Cordura": {"heavy": 0, "light": 0}, "Voluntad": {"perm": 2, "temp": 2}, "Coherencia": {"perm": 0, "temp": 0}}, "atributes": {"Físicos": {"Fuerza": 4, "Destreza": 3, "Resistencia": 2}, "Mentales": {"Astucia": 2, "Percepción": 3, "Inteligencia": 2}, "Sociales": {"Carisma": 2, "Apariencia": 2, "Manipulación": 1}}, "plane_manipulation": {"via": "Elemental", "artes": {"Talismán": 0, "Geokinesis": 1, "Aerokinesis": 1, "Pyrokinesis": 1, "Hydrokinesis": 1}, "modus": "Intuitivo", "access": {"ego": 0, "opus": 1, "quod": 2, "scientia": 1}, "aspects": ["Artista marcial", ""], "journey": 1}}	{"items": {}, "weapons": {"Pistola": []}}
IntroPWC`	Vit	Kelser	{"bio": {"age": "22", "job": "Ladrón interplanar", "past": "Huerfano, paso infancia vagando por los planos", "looks": "Pelo corto, barba corta y cuidada, elegante", "species": "Humano", "motivation": "", "personality": "Serio y calmado, seguro de si mismo"}, "skills": {"Talentos": {"Pelea": 1, "Alerta": 1, "Empatía": 0, "Atletismo": 2, "Liderazgo": 0, "Diplomacia": 0, "Creatividad": 0, "Subterfugio": 2, "Intimidación": 0, "Tratar animales": 0}, "Tecnicas": {"Sigilo": 2, "Rastreo": 1, "Pericias": 2, "Curación": 0, "Conducción": 2, "Supervivencia": 2, "Armas de melee": 1, "Armas a distancia": 0, "Busq. información": 2, "Actuación artística": 0}, "Conocimientos": {"Arte": 0, "Medicina": 0, "Biología": 0, "Psicología": 0, "Tecnología": 2, "Informática": 1, "Lingüística": 1, "Mat./Economía": 0, "Sociopolítica": 0, "Física/Química": 0}}, "status": {"ep": "", "xp": "", "Salud": {"heavy": 0, "light": 0}, "Vigor": {"perm": 2, "temp": 2}, "Cordura": {"heavy": 0, "light": 0}, "Voluntad": {"perm": 3, "temp": 3}, "Coherencia": {"perm": 1, "temp": 1}}, "atributes": {"Físicos": {"Fuerza": 2, "Destreza": 3, "Resistencia": 2}, "Mentales": {"Astucia": 3, "Percepción": 3, "Inteligencia": 4}, "Sociales": {"Carisma": 2, "Apariencia": 2, "Manipulación": 1}}, "plane_manipulation": {"via": "Viaje", "artes": {"Viajar": 2, "Divinación": 1, "Ocultación": 1}, "modus": "Erudito", "access": {"ego": 1, "opus": 1, "quod": 1, "scientia": 1}, "aspects": ["Talento natural", ""], "journey": 2}}	{}
IntroPWC	Adrián	Walter Irwin	{"bio": {"age": "35", "job": "Biólogo", "past": "Contacto con simbionte interdimensional", "looks": "Piel morena, pelo claro, ojos azules", "species": "Humano", "motivation": "Investigar fauna interplanar", "personality": "Afable amante de la naturaleza"}, "skills": {"Talentos": {"Pelea": 3, "Alerta": 1, "Empatía": 1, "Atletismo": 2, "Liderazgo": 0, "Diplomacia": 1, "Creatividad": 0, "Subterfugio": 0, "Intimidación": 0, "Tratar animales": 2}, "Tecnicas": {"Sigilo": 1, "Rastreo": 1, "Pericias": 1, "Curación": 2, "Conducción": 0, "Supervivencia": 2, "Armas de melee": 2, "Armas a distancia": 0, "Busq. información": 0, "Actuación artística": 0}, "Conocimientos": {"Arte": 0, "Medicina": 0, "Biología": 3, "Psicología": 0, "Tecnología": 0, "Informática": 0, "Lingüística": 0, "Mat./Economía": 0, "Sociopolítica": 0, "Física/Química": 0}}, "status": {"ep": "0", "xp": "0", "Salud": {"heavy": 0, "light": 0, "Aturdido": 2}, "Vigor": {"perm": 3, "temp": 3}, "Cordura": {"heavy": 9, "light": 0}, "Voluntad": {"perm": 2, "temp": 1}, "Coherencia": {"perm": 3, "temp": 3}}, "atributes": {"Físicos": {"Fuerza": 3, "Destreza": 3, "Resistencia": 3}, "Mentales": {"Astucia": 2, "Percepción": 3, "Inteligencia": 3}, "Sociales": {"Carisma": 2, "Apariencia": 1, "Manipulación": 2}}, "plane_manipulation": {"via": "Natural", "artes": {"Vita": 1, "Alquimia": 0, "Zoopatía": 0, "Polimorfismo": 3}, "modus": "Intuitivo", "access": {"ego": 3, "opus": 2, "quod": 0, "scientia": 1}, "aspects": ["Especialista(poli)", "Simbionte"], "journey": 1}}	{"items": {"": "", "movil": ""}, "weapons": {"Cuchillo": []}}
Elysium	Master	Hércules	{"bio": {"age": "26", "job": "Aventurero", "past": "Su amor fue asesinado por gurrillas espartanas.", "looks": "Alto y musculoso con barbilla cincelada. Pelo corto dorado y rizado.", "species": "Humana", "motivation": "Ir al hades a resucitar a su amada.", "personality": "Arrogante y paternalista. Valiente."}, "skills": {"Talentos": {"Pelea": 3, "Mentir": 0, "Empatía": 1, "Atletismo": 3, "Creatividad": 0, "Persuasión": 1, "Resiliencia": 1, "Observación": 2, "Intimidación": 1, "Tratar animales": 0}, "Tecnicas": {"Sigilo": 0, "Pericias": 0, "Curación": 0, "Conducción": 0, "Supervivencia": 2, "Armas de melee": 3, "Investigación": 0, "Juego de manos": 0, "Interpretación": 0, "Armas a distancia": 1}, "Conocimientos": {"Arte": 0, "Medicina": 0, "Biología": 0, "Seguridad": 0, "Psicología": 0, "Tecnología": 0, "Lingüística": 0, "Mat./Economía": 0, "Sociopolítica": 1, "Física/Química": 0}}, "status": {"ep": "", "xp": "", "Salud": {"heavy": 0, "light": 0, "Herido": 3, "Aturdido": 2}, "Vigor": {"perm": 3, "temp": -2}, "Cordura": {"heavy": 0, "light": 0, "Trauma": 2, "Trastorno": 1}, "Voluntad": {"perm": 2, "temp": 2}, "Coherencia": {"perm": 1, "temp": 1}}, "atributes": {"Físicos": {"Fuerza": 5, "Destreza": 2, "Resistencia": 3}, "Mentales": {"Astucia": 2, "Percepción": 2, "Inteligencia": 1}, "Sociales": {"Carisma": 3, "Apariencia": 3, "Manipulación": 1}}, "plane_manipulation": {"via": "Divinidad", "artes": {"Vita": 0, "Cruzada": 3, "Milagro": 1, "Talismán": 0}, "modus": "Intuitivo", "access": {"ego": 1, "opus": 2, "quod": 1, "scientia": 0}, "aspects": ["Héroe", ""], "journey": 0}}	{"items": {"Armadura": "Una armadura to molona, propia de un héroe"}, "weapons": {"Arco": ["Arco Corto"], "Espada": ["Espada Larga"]}}
Elysium	Berni	Askelan	{"bio": {"age": "35", "job": "Herrero", "past": "Desterrado por casarse con una humana. La humana luego le abandonó.", "looks": "Parte caballo negro.\\nParte humana fibrosa con piel negra. Melena negra.", "species": "Centauro", "motivation": "Volver a ser aceptado entre los centauros.", "personality": "Amable, calmado, reservado. Antihumanos."}, "skills": {"Talentos": {"Pelea": 1, "Mentir": 0, "Empatía": 0, "Atletismo": 2, "Creatividad": 1, "Persuasión": 0, "Resiliencia": 0, "Observación": 1, "Intimidación": 1, "Tratar animales": 1}, "Tecnicas": {"Sigilo": 1, "Pericias": 4, "Curación": 1, "Conducción": 0, "Supervivencia": 2, "Armas de melee": 1, "Investigación": 0, "Juego de manos": 0, "Interpretación": 0, "Armas a distancia": 2}, "Conocimientos": {"Arte": 0, "Medicina": 0, "Biología": 0, "Seguridad": 0, "Psicología": 0, "Tecnología": 2, "Lingüística": 0, "Mat./Economía": 0, "Sociopolítica": 0, "Física/Química": 0}}, "status": {"ep": "", "xp": "", "Salud": {}, "Vigor": {"perm": 3, "temp": 3}, "Cordura": {}, "Voluntad": {"perm": 1, "temp": 1}, "Coherencia": {"perm": 0, "temp": 0}}, "atributes": {"Físicos": {"Fuerza": 3, "Destreza": 5, "Resistencia": 3}, "Mentales": {"Astucia": 1, "Percepción": 3, "Inteligencia": 2}, "Sociales": {"Carisma": 1, "Apariencia": 2, "Manipulación": 2}}, "plane_manipulation": {"via": "Tecnomancia", "artes": {"Geokinesis": 0, "Divinación": 0, "Tecnopatía": 0, "Inspiración": 1}, "modus": "", "access": {"ego": 0, "opus": 0, "quod": 0, "scientia": 0}, "aspects": ["", ""], "journey": 0}}	{}
Elysium	Antonio	Aristides	{"bio": {"age": "34", "job": "Mercader", "past": "Momento en que le reclutan y es elegido por los dioses", "looks": "Altura:promedio\\nPiel olivácea\\nBarba, cabello negro ondulado hasta los hombros\\nOjos marrón oscuro", "species": "Human", "motivation": "Los dioses no siempre son los mismos y hay gente que asciende a deidad, y quiere ser digno y merecedor de llegar a semidios o dios", "personality": "Mercader honesto, devoto y diel seguidor de los dioses, honrado, pero cree servir a una fuerza superior. Determinado. Amistoso, calculador, trata bien a otros para servirse a si mismo. Su licantropia la usa omo ultimo resorte... pero cuando la usa la disfruta.Arrogante. Psicópata, debe matar una vez al mes"}, "skills": {"Talentos": {"Pelea": 2, "Mentir": 2, "Empatía": 1, "Atletismo": 1, "Creatividad": 0, "Persuasión": 1, "Resiliencia": 1, "Observación": 1, "Intimidación": 2, "Tratar animales": 1}, "Tecnicas": {"Sigilo": 1, "Pericias": 1, "Curación": 0, "Conducción": 1, "Supervivencia": 1, "Armas de melee": 0, "Investigación": 1, "Juego de manos": 0, "Interpretación": 0, "Armas a distancia": 1}, "Conocimientos": {"Arte": 1, "Medicina": 0, "Biología": 0, "Seguridad": 1, "Psicología": 0, "Tecnología": 0, "Lingüística": 0, "Mat./Economía": 3, "Sociopolítica": 1, "Física/Química": 0}}, "status": {"ep": "", "xp": "", "Salud": {}, "Vigor": {"perm": 3, "temp": 3}, "Cordura": {}, "Voluntad": {"perm": 2, "temp": 2}, "Coherencia": {"perm": 1, "temp": 0}}, "atributes": {"Físicos": {"Fuerza": 2, "Destreza": 4, "Resistencia": 3}, "Mentales": {"Astucia": 2, "Percepción": 2, "Inteligencia": 2}, "Sociales": {"Carisma": 2, "Apariencia": 2, "Manipulación": 3}}, "plane_manipulation": {"via": "", "artes": {}, "modus": "", "access": {"ego": 1, "opus": 1, "quod": 0, "scientia": 0}, "aspects": ["", ""], "journey": 0}}	{"items": {}, "weapons": {}}
Elysium	Adrián	Cástor	{"bio": {"age": "24", "job": "Cazador / Comerciante", "past": "Padres ladrones ajusticiados. Sin hermanos. Infancia en las calles sin supervisión.\\nConoce a una mujer de la que se enamora y esta le lleva a su tribui, donde su padre (jefe de la tribu) le enseña el arte de la caza. Ante la propuesta de matrimonio el se rehúsa y ella y su tribu quedan resentidos. Él empieza vida nómada y conoce a una druida que le entrega una joya y le enseña elculto de Artemisa", "looks": "Varón. Pelo negro largo con mechones canos. Ojos claros. 1,82m, 78kg, tatuaje arco media luna con flechas. Diestro\\t", "species": "Humano", "motivation": "Crecimiento personal ante la mejora de sus habilidades cara a la ascensión.", "personality": "Serio, estable. superviviente y autosuficiente. Considera a la gente objetos de los que servirse, pero valora mucho la honestidad"}, "skills": {"Talentos": {"Pelea": 1, "Mentir": 0, "Empatía": 1, "Atletismo": 1, "Creatividad": 0, "Persuasión": 2, "Resiliencia": 1, "Observación": 1, "Intimidación": 1, "Tratar animales": 1}, "Tecnicas": {"Sigilo": 2, "Pericias": 0, "Curación": 1, "Conducción": 2, "Supervivencia": 2, "Armas de melee": 1, "Investigación": 0, "Juego de manos": 0, "Interpretación": 0, "Armas a distancia": 3}, "Conocimientos": {"Arte": 0, "Medicina": 0, "Biología": 1, "Seguridad": 0, "Psicología": 0, "Tecnología": 0, "Lingüística": 0, "Mat./Economía": 1, "Sociopolítica": 0, "Física/Química": 0}}, "status": {"ep": "", "xp": "", "Salud": {"heavy": 0, "light": 0}, "Vigor": {"perm": 3, "temp": 3}, "Cordura": {"heavy": 0, "light": 0}, "Voluntad": {"perm": 2, "temp": 2}, "Coherencia": {"perm": 0, "temp": 0}}, "atributes": {"Físicos": {"Fuerza": 3, "Destreza": 3, "Resistencia": 3}, "Mentales": {"Astucia": 2, "Percepción": 3, "Inteligencia": 2}, "Sociales": {"Carisma": 2, "Apariencia": 2, "Manipulación": 2}}, "plane_manipulation": {"via": "", "artes": {}, "modus": "", "access": {"ego": 0, "opus": 0, "quod": 0, "scientia": 0}, "aspects": ["", ""], "journey": 0}}	{}
Elysium	Miriam	Leda	{"bio": {"age": "22", "job": "Cazadora de monstruos", "past": "Sobreprotegida por hermanos. Sus padres murieron en un ataque de una hidra.", "looks": "Bajita. Pelo corto y castaño.", "species": "Humana", "motivation": "Crear un bestiario para ayudar a combatir monstruos.", "personality": "Immpulsiva, entusiasta, alegre."}, "skills": {"Talentos": {"Pelea": 2, "Mentir": 0, "Empatía": 0, "Atletismo": 3, "Creatividad": 0, "Persuasión": 0, "Resiliencia": 0, "Observación": 1, "Intimidación": 0, "Tratar animales": 1}, "Tecnicas": {"Sigilo": 0, "Pericias": 0, "Curación": 0, "Conducción": 0, "Supervivencia": 1, "Armas de melee": 3, "Investigación": 0, "Juego de manos": 0, "Interpretación": 0, "Armas a distancia": 3}, "Conocimientos": {"Arte": 0, "Medicina": 0, "Biología": 3, "Seguridad": 0, "Psicología": 0, "Tecnología": 0, "Lingüística": 0, "Mat./Economía": 0, "Sociopolítica": 0, "Física/Química": 0}}, "status": {"ep": "", "xp": "", "Salud": {}, "Vigor": {"perm": 2, "temp": 2}, "Cordura": {}, "Voluntad": {"perm": 2, "temp": 2}, "Coherencia": {"perm": 1, "temp": 0}}, "atributes": {"Físicos": {"Fuerza": 2, "Destreza": 4, "Resistencia": 2}, "Mentales": {"Astucia": 2, "Percepción": 4, "Inteligencia": 3}, "Sociales": {"Carisma": 2, "Apariencia": 2, "Manipulación": 1}}, "plane_manipulation": {"via": "Viaje", "artes": {"Viajar": 0, "Divinación": 2, "Ocultación": 0}, "modus": "", "access": {"ego": 1, "opus": 0, "quod": 0, "scientia": 1}, "aspects": ["", ""], "journey": 0}}	{}
Elysium	Manuel	Cabrípedes	{"bio": {"age": "20", "job": "Campesino", "past": "Familia y novia masacrada por esparta.", "looks": "Corpulento. Pelo largo castaño. Piel morena de trabajar el campo.", "species": "Humana", "motivation": "Venganza y recuperar a su novia.", "personality": "Introvertido. Lleno de odio. Iracundo y volatil."}, "skills": {"Talentos": {"Pelea": 3, "Mentir": 1, "Empatía": 0, "Atletismo": 2, "Creatividad": 0, "Persuasión": 0, "Resiliencia": 2, "Observación": 1, "Intimidación": 2, "Tratar animales": 3}, "Tecnicas": {"Sigilo": 0, "Pericias": 0, "Curación": 0, "Conducción": 0, "Supervivencia": 2, "Armas de melee": 2, "Investigación": 0, "Juego de manos": 1, "Interpretación": 0, "Armas a distancia": 0}, "Conocimientos": {"Arte": 0, "Medicina": 0, "Biología": 1, "Seguridad": 0, "Psicología": 0, "Tecnología": 0, "Lingüística": 0, "Mat./Economía": 0, "Sociopolítica": 0, "Física/Química": 0}}, "status": {"ep": "", "xp": "", "Salud": {}, "Vigor": {"perm": 4, "temp": 4}, "Cordura": {}, "Voluntad": {"perm": 3, "temp": 3}, "Coherencia": {"perm": 0, "temp": 0}}, "atributes": {"Físicos": {"Fuerza": 4, "Destreza": 2, "Resistencia": 4}, "Mentales": {"Astucia": 3, "Percepción": 2, "Inteligencia": 2}, "Sociales": {"Carisma": 1, "Apariencia": 2, "Manipulación": 2}}, "plane_manipulation": {"via": "Hechicería", "artes": {}, "modus": "", "access": {"ego": 0, "opus": 0, "quod": 0, "scientia": 0}, "aspects": ["", ""], "journey": 0}}	{}
Elysium	Master	Bandido arquero	{"bio": {"age": "", "job": "Bandido", "past": "", "looks": "", "species": "Humano", "motivation": "", "personality": ""}, "skills": {"Talentos": {"": 0, "Pelea": 2, "Mentir": 0, "Empatía": 0, "Atletismo": 2, "Creatividad": 0, "Persuasión": 0, "Resiliencia": 0, "Observación": 0, "Intimidación": 1, "Tratar animales": 1}, "Tecnicas": {"": 0, "Sigilo": 1, "Pericias": 0, "Curación": 0, "Conducción": 1, "Supervivencia": 1, "Armas de melee": 1, "Investigación": 0, "Juego de manos": 0, "Interpretación": 0, "Armas a distancia": 2}, "Conocimientos": {"": 0, "Arte": 0, "Medicina": 0, "Biología": 0, "Seguridad": 0, "Psicología": 0, "Tecnología": 0, "Lingüística": 0, "Mat./Economía": 0, "Sociopolítica": 0, "Física/Química": 0}}, "status": {"ep": "", "xp": "", "Salud": {}, "Vigor": {"perm": 2, "temp": 2}, "Cordura": {}, "Voluntad": {"perm": 2, "temp": 2}, "Coherencia": {"perm": 0, "temp": 0}}, "atributes": {"Físicos": {"Fuerza": 2, "Destreza": 3, "Resistencia": 2}, "Mentales": {"Astucia": 2, "Percepción": 3, "Inteligencia": 1}, "Sociales": {"Carisma": 2, "Apariencia": 2, "Manipulación": 1}}, "plane_manipulation": {"via": "", "artes": {}, "modus": "", "access": {"ego": 0, "opus": 0, "quod": 0, "scientia": 0}, "aspects": ["", ""], "journey": 0}}	{}
Elysium	Master	Bandido guerrero	{"bio": {"age": "", "job": "Bandido", "past": "", "looks": "", "species": "Humano", "motivation": "", "personality": ""}, "skills": {"Talentos": {"": 0, "Pelea": 0, "Mentir": 0, "Empatía": 0, "Atletismo": 2, "Creatividad": 0, "Persuasión": 0, "Resiliencia": 0, "Observación": 0, "Intimidación": 2, "Tratar animales": 0}, "Tecnicas": {"": 0, "Sigilo": 1, "Pericias": 0, "Curación": 1, "Conducción": 1, "Supervivencia": 2, "Armas de melee": 2, "Investigación": 0, "Juego de manos": 0, "Interpretación": 0, "Armas a distancia": 1}, "Conocimientos": {"": 0, "Arte": 0, "Medicina": 0, "Biología": 0, "Seguridad": 0, "Psicología": 0, "Tecnología": 0, "Lingüística": 0, "Mat./Economía": 0, "Sociopolítica": 0, "Física/Química": 0}}, "status": {"ep": "", "xp": "", "Salud": {}, "Vigor": {"perm": 2, "temp": 2}, "Cordura": {}, "Voluntad": {"perm": 3, "temp": 3}, "Coherencia": {"perm": 0, "temp": 0}}, "atributes": {"Físicos": {"Fuerza": 3, "Destreza": 2, "Resistencia": 2}, "Mentales": {"Astucia": 3, "Percepción": 2, "Inteligencia": 1}, "Sociales": {"Carisma": 2, "Apariencia": 2, "Manipulación": 1}}, "plane_manipulation": {"via": "", "artes": {}, "modus": "", "access": {"ego": 0, "opus": 0, "quod": 0, "scientia": 0}, "aspects": ["", ""], "journey": 0}}	{}
\.


--
-- Data for Name: vias; Type: TABLE DATA; Schema: public; Owner: master
--

COPY public.vias (name, description) FROM stdin;
Hechicería	El usuario (hechicero arcano) es capaz de manipular profundamente los planos para obtener intensos efectos en el mundo. Cada efecto específico se consigue tras realizar un complejo ritual que puede implicar gesticulaciones, incantaciones, ingredientes, sacrificios, etc. y que ellos denominan como “hechizo”. Cada hechizo cuenta con un ritual diferente que debe ser memorizado y luego ejecutado a la perfección por el usuario, pequeños errores en el ritual pueden tener consecuencias nefastas. Por ejemplo, el hechizo “Manos ardientes“ requiere que el hechicero recite un salmo mientras extiende las manos con los pulgares tocándose, al terminar un cono de fuego saldrá de sus palmas. Cada uno de los hechizos debe ser aprendido específicamente antes de poder ser usado.\n\nEl hechicero arcano se encuentra entre los Manipuladores más poderosos, no conocen realmente las fuerzas que están interviniendo en sus hechizos pero su propósito específico y la dedicación de cada lanzamiento producen efectos particularmente intensos. Sin embargo, la memorización y la ejecución del ritual requieren de una preparación que no siempre va a ser posible.
Divinidad	El usuario (clérigo) puede invocar la ayuda de su dios para que le ayude en la tarea que tenga entre manos. La ayuda divina vendrá a cambio de “favores” (cantidad dependiendo del poder invocado), el clérigo deberá ganarse lo favores cumpliendo los rituales de la religión y tomando decisiones según la doctrina. Puede llegar un momento en el que el saldo de favores sea negativo, si esto pasa el clérigo no podrá invocar ningún poder y se considerará maldito (en las tiradas de suerte, los dados 0 se consideran -1). Las dos vertientes de esta via involucran la especialización en combate, convirtiéndose en un paladín o la especialización en la realización de milagros, centrándose en el apoyo a los demás.
Brujería	El usuario (brujo/bruja) se ha especializado en el uso y la manipulación de las almas. A través de ritos puede manipular los planos para conseguir efectos que van desde tentar las almas de los demás, a extraerlas de sus huéspedes para usarlas como ingredientes en rituales o retorcerlas para convocar familiares o demonios. Brilla en la manipulación de otros seres y sus órdenes sociales pero no está especialmente preparada para un combate (aunque puede guardar algún truco bajo la manga)
Medium	
Psíquica	
Telepática	
Natural	
Elemental	
Sombría	
Tecnomancia	El usuario (tecnomante) puede construir instrumentos basándose en diseños de otras dimensiones. Además de la inspiración, la manipulación de planos le facilitará la construcción al permitirle mejorar versiones más simples del objeto a construir, de esta forma el constructor no necesita preocuparse demasiado en materiales o de procesos de construcción desconocidos. Por ejemplo, si se quisiera construir un cuchillo que utiliza pulsos sónicos para cortar, el tecnomante podría partir de un cuchillo con una pila y mejorarlo manipulando los planos. La dificultad de las tareas vendrá dado por la complejidad del objeto a construir
Diseño	
Viaje	
\.


--
-- Data for Name: vias_to_artes_association; Type: TABLE DATA; Schema: public; Owner: master
--

COPY public.vias_to_artes_association (via_name, ars_group_name) FROM stdin;
Elemental	Aerokinesis
Sombría	Aerokinesis
Hechicería	Alquimia
Brujería	Alquimia
Natural	Alquimia
Medium	Canalización
Divinidad	Cruzada
Medium	Divinación
Telepática	Divinación
Tecnomancia	Divinación
Viaje	Divinación
Telepática	Doblegar
Hechicería	Estudios Arcanos
Elemental	Geokinesis
Tecnomancia	Geokinesis
Elemental	Hydrokinesis
Tecnomancia	Inspiración
Brujería	Maldición
Divinidad	Milagro
Sombría	Ocultación
Viaje	Ocultación
Natural	Polimorfismo
Psíquica	Pyrokinesis
Elemental	Pyrokinesis
Hechicería	Ritual
Brujería	Ritual
Telepática	Sugestión
Sombría	Sugestión
Hechicería	Talismán
Divinidad	Talismán
Medium	Talismán
Elemental	Talismán
Sombría	Tecnopatía
Tecnomancia	Tecnopatía
Medium	Telepatía
Psíquica	Telepatía
Telepática	Telepatía
Psíquica	Telekinesis
Brujería	Tentación
Viaje	Viajar
Divinidad	Vita
Natural	Vita
Brujería	Zoopatía
Psíquica	Zoopatía
Natural	Zoopatía
\.


--
-- Data for Name: vias_to_aspecti_association; Type: TABLE DATA; Schema: public; Owner: master
--

COPY public.vias_to_aspecti_association (via_name, aspectus_name) FROM stdin;
Divinidad	Artista
Divinidad	Artista marcial
Divinidad	Especialista
Divinidad	Exclusivo
Brujería	Artista
Psíquica	Especialista
Psíquica	Exclusivo
Telepática	Artista
Natural	Especialista
Natural	Exclusivo
Elemental	Artista marcial
Elemental	Especialista
Elemental	Exclusivo
Tecnomancia	Artista
Tecnomancia	Especialista
Tecnomancia	Exclusivo
\.


--
-- Data for Name: weapon_class; Type: TABLE DATA; Schema: public; Owner: master
--

COPY public.weapon_class (name, is_ranged, weapon_range, icon) FROM stdin;
Gadget	f	corto	electric
Espada	f	medio	diamond-hilt
Cuchillo	f	corto	bowie-knife
Porra	f	medio	baton
Arco	t	5m	pocket-bow
Pistola	t	10m	gunshot
Rifle	t	20m	winchester-rifle
Lanza	f	largo	spear-hook
Ballesta	t	10	crossbow
\.


--
-- Data for Name: weapons; Type: TABLE DATA; Schema: public; Owner: master
--

COPY public.weapons (name, weapon_class_name, proficiency, ammo, description, damage) FROM stdin;
Taser	Gadget	0	5	Dispositivo de defensa personal que descarga una gran corriente eléctrica en el oponente incapacitándolo.	[{"cost": 1, "stun": 4}]
Espada Larga	Espada	2	0	Espada larga normal, usada con frecuencia en otras épocas.	[{"cost": 1, "lethal": 1}, {"cost": 4, "critical": 1}]
Cuchillo militar	Cuchillo	1	0	Cuchillo asignado a unidades de combate, puede hacer mucho daño a cortas distancias	[{"cost": 1, "lethal": 1}, {"cost": 5, "critical": 1}]
Glock 9mm	Pistola	1	15	Pistola común, puede matar con un disparo lo suficientemente preciso	[{"cost": 1, "lethal": 2}, {"cost": 2, "critical": 1}]
Springfield	Rifle	2	5	Un arma de fuego portátil de cañón largo, que dispara pryectiles de largo alcance. Arma icónica en las guerras de primera mitad del S.XX y finales del S.XIX	[{"cost": 1, "lethal": 2}, {"cost": 2, "critical": 1}]
Pistola Blaster	Pistola	2	10	Pistola tecnológicamente avanzada que lanza un pulso de plasma causando daños masivos,	[{"cost": 1, "lethal": 4}, {"cost": 2, "critical": 2}]
Arco Corto	Arco	2	15	Arma a distancia sencilla de fabricar pero no por ello menos letal.	[{"cost": 1, "lethal": 1}, {"cost": 4, "critical": 1}]
Porra de seguridad	Porra	0	0	Arma contundente pendada para controlar disturbios. Usada habitalmente por guardia de seguridad.	[{"cost": 1, "stun": 2}]
Revolver	Pistola	2	6	Pistola en el que la munición está dispuesta en un tambor que gira. A pesar de que esto limita la cantidad de munición que lleva cargada, permite una mayor precisión y el uso de calibres mayores	[{"cost": 1, "lethal": 3}, {"cost": 2, "critical": 1}]
Lanza	Lanza	1	0	Arma de asta con un extremo acabado en punta que puede además estar afilado. Popular debido a su alcance y a su facilidad de uso.	[{"cost": 1, "stun": 2}, {"cost": 1, "lethal": 1}, {"cost": 4, "critical": 1}]
Kopis	Espada	1	0	Espada curva con hoja curva de un solo filo usada en la antigua grecia principalmente en unidades de caballería.	[{"cost": 1, "lethal": 1}, {"cost": 4, "critical": 1}]
Xiphos	Espada	1	0	Espada recta de doble filo usada en la antigua grecia como arma secundaria. Su hoja tiene una característica forma de hoja..	[{"cost": 1, "lethal": 1}, {"cost": 4, "critical": 1}]
Machete	Espada	0	0	Hoja sencilla de un sólo filo que se usa habitualmente para abrir paso en la maleza	[{"cost": 1, "lethal": 1}, {"cost": 5, "critical": 1}]
Garrote	Porra	0	0	Arma sendilla formada por un objeto alargado y contundente	[{"cost": 1, "stun": 1}]
Maza de guerra	Porra	1	0	Palo resistente con una cabeza muy pesada, equilibrada para ser fácil de manejar y a la vez poder ejercer impactos poderosos	[{"cost": 1, "stun": 2}, {"cost": 4, "critical": 1}]
Gastraphetes	Ballesta	1	5	Ballesta aparatosa de 2 manos usada en la antigua grecia. No requiere apenas entrenamiento para usar y puede ser letal	[{"cost": 1, "lethal": 1}, {"cost": 3, "critical": 1}]
\.


--
-- PostgreSQL database dump complete
--

